Subdiv,Year,Sales,Median Sold Price,Avg.SP,Median DOM,Avg.DOM,Median.SP.OLP,Median.SP.LP
Abbotts Pond Acres,2010,2,186200,186200,282.5,282.5,0.892319573,0.940217391
Abbotts Pond Acres,2011,1,186900,186900,25,25,1,1
Abbotts Pond Acres,2012,2,215000,215000,156,156,0.959051844,0.99831082
Abbotts Pond Acres,2013,2,224000,224000,143,143,0.9784689,0.9784689
Acorn Farms,2010,2,144950,144950,202,202,0.863723753,1.004731861
Acorn Farms,2011,1,110000,110000,71,71,0.880704564,1
Acorn Farms,2013,2,110500,110500,72,72,0.945193597,0.999239963
Alexanders Village,2010,1,218000,218000,75,75,0.960352423,0.990909091
Alexanders Village,2012,1,199000,199000,13,13,1,1
Alexanders Village,2013,1,185000,185000,22,22,0.925462731,0.974196946
Allee,2012,1,30001,30001,126,126,0.699324009,0.751904762
Andrews Lake Ests,2010,3,167000,186000,127,105.6666667,0.982352941,0.982931136
Andrews Lake Ests,2011,1,118900,118900,276,276,0.744064381,1
Andrews Lake Ests,2012,1,180500,180500,42,42,0.975675676,0.975675676
Baltray,2010,1,550000,550000,37,37,0.933786078,0.933786078
Baltray,2011,1,375000,375000,410,410,0.939849624,0.939849624
Barclay Farms,2010,3,100000,100000,454,465.3333333,0.884615385,0.884615385
Barclay Farms,2011,6,78000,81833.33333,283,376.3333333,0.813605737,0.911635007
Barclay Farms,2012,4,72500,71975,106,252.25,0.967307521,0.986666667
Barclay Farms,2013,10,67500,68950,151.5,159,0.832249706,0.863096432
Barrett Farm,2013,1,202500,202500,2,2,0.987804878,0.987804878
Bay Tree,2010,4,117500,123250,158.5,182,0.952634033,0.952634033
Bay Tree,2011,3,155000,136310,254,256.6666667,0.912301354,0.987492183
Bay Tree,2012,4,71450,83775,57,100.75,0.871789819,0.888809524
Bay Tree,2013,8,125700,116873.5,51.5,90.375,0.909524769,0.986028571
Bayview Hgts,2011,1,40000,40000,11,11,0.890868597,0.890868597
Beaver Pond Ests,2012,2,165450,165450,119.5,119.5,0.724422308,0.959072074
Beaver Pond Ests,2013,1,249500,249500,100,100,1,1
Beaver Runne,2011,1,174999,174999,80,80,0.9475129,1
Beaver Runne,2013,1,275000,275000,54,54,1,1.038127595
Beaver Runne Ii,2010,1,279900,279900,34,34,1,1
Beaver Runne Ii,2011,1,235000,235000,147,147,0.904193921,0.979574823
Beaver Runne Ii,2013,1,310000,310000,30,30,0.984126984,0.984126984
Bechers Brook,2012,2,300750,300750,161,161,0.926909534,0.950389547
Bechers Brook,2013,3,261000,332099.6667,94,66.33333333,0.932475884,0.932475884
Beechers Brook,2010,1,246000,246000,230,230,0.911448685,0.9963548
Beechers Brook,2011,2,240450,240450,322.5,322.5,0.902854591,0.955555556
Bicentennial Vil,2010,10,183000,179600,67,138.6,0.956832543,0.975592756
Bicentennial Vil,2011,6,146500,156875,114.5,125.6666667,0.989699381,0.988791024
Bicentennial Vil,2012,6,179700,186983.3333,80,97.33333333,0.95725,0.992937022
Bicentennial Vil,2013,8,198000,198550,94,113.75,0.95885377,0.976842063
Blackbird Hunt,2012,2,130500,130500,55,55,0.930153076,0.930153076
Blackbird Hunt,2013,1,140100,140100,11,11,1.000714286,1.000714286
Blairs Pond Ests,2010,6,310750,316214.5,5.5,100.5,0.989455856,0.992199509
Blairs Pond Ests,2011,2,294465,294465,242,242,0.940146716,0.989070026
Blairs Pond Ests,2012,2,260000,260000,162,162,0.927203961,0.927203961
Blairs Pond Ests,2013,6,266000,283111.3333,159,271.3333333,0.933635478,0.975084151
Bloomfield Acres,2010,2,214200,214200,137,137,0.995302959,0.995302959
Bloomfield Acres,2011,5,175243,163928.6,48,46.4,1,1
Bloomfield Acres,2012,2,190950,190950,121,121,0.991891892,1.02
Bombay Woods,2010,9,206910,205990,82,89.66666667,0.925462731,1
Bombay Woods,2011,4,180500,177250,72.5,94.75,0.942714127,1
Bombay Woods,2012,7,179000,173271.4286,85,83.85714286,0.951748561,1
Bombay Woods,2013,9,157000,163616.6667,57,62.44444444,0.93733544,0.969355847
Bowers,2012,1,175875,175875,46,46,0.901923077,0.901923077
Bowers Beach,2010,8,154500,173375,113.5,105.5,0.890234889,0.94762788
Bowers Beach,2011,9,170000,219444.4444,225,281.2222222,0.905797101,0.918196995
Bowers Beach,2012,3,99000,173033.3333,170,159.6666667,0.827284105,0.95701541
Bowers Beach,2013,2,136250,136250,54,54,0.885208402,0.923109244
Bowers Landing,2010,2,264450,264450,246.5,246.5,0.893982808,1
Bowers Landing,2011,1,232000,232000,32,32,0.947325439,0.947325439
Bowers Landing,2012,1,286000,286000,196,196,1.040003782,1.040003782
Brandywine Ct,2010,2,44000,44000,151,151,0.861344538,0.977777778
Brandywine Ct,2011,3,50000,49666.66667,78,90.66666667,0.806451613,0.846325167
Brandywine Ct,2013,6,37500,37901.83333,82,170,0.761853443,0.869630974
Breeders Crown Farm,2010,2,202450,202450,374.5,374.5,0.945657117,0.990245123
Breeders Crown Farm,2011,1,170000,170000,315,315,0.944444444,0.944444444
Breeders Crown Farm,2012,4,167450,166225,164,207.75,0.821367836,0.969981807
Breeders Crown Farm,2013,3,191000,187300,18,246,1.010526316,1.010526316
Breezewood,2010,1,252500,252500,308,308,0.873702422,0.921532847
Breezewood,2011,2,177700,177700,162.5,162.5,0.885897484,0.9859375
Breezewood,2012,2,169400,169400,388,388,0.897198599,0.907179487
Breezewood,2013,2,117500,117500,109,109,0.708694049,0.880761523
Brenford Station,2010,8,249995,236248.75,57.5,92.875,0.98215775,0.991246874
Brenford Station,2011,5,242000,234200,58,168.8,0.988095238,0.988095238
Brenford Station,2012,6,232500,225184.5,108.5,140.5,0.976955745,0.981464912
Brenford Station,2013,8,249000,240780.75,47,50.375,0.980081622,1
Brenford Woods,2010,2,262500,262500,301.5,301.5,0.816103318,0.978461247
Brenford Woods,2011,7,245000,239231.2857,193,309.7142857,0.892889032,0.95
Brenford Woods,2012,9,232000,238959.6667,100,107.2222222,0.936670311,0.981818182
Brenford Woods,2013,5,259102,256281.2,36,120.4,1.000009302,1.000009302
Briar Park,2010,3,113000,107000,13,56.33333333,1.025854879,1
Briar Park,2011,2,61500,61500,164,164,0.800241989,0.940257927
Briar Park,2012,1,115000,115000,82,82,0.822015726,0.959132611
Briar Park,2013,5,70050,82730,61,90.2,0.875625,0.967741935
Brighton Pl,2013,1,190000,190000,4,4,1.027027027,1.027027027
Brookdale Hgts,2010,2,185700,185700,79,79,0.957508731,0.971223022
Brookdale Hgts,2011,2,152750,152750,32.5,32.5,0.944858477,0.944858477
Brookdale Hgts,2012,1,124900,124900,112,112,0.833222148,1
Brookdale Hgts,2013,1,82000,82000,22,22,0.976190476,0.976190476
Brookfield,2010,1,245000,245000,67,67,1.021258858,1
Brookfield,2011,4,252000,255500,41,62.75,0.962636845,0.968351131
Brookfield,2012,5,335000,288700,121,113.4,0.971014493,0.977777778
Brookfield,2013,3,282000,316500,159,173.6666667,0.846354167,0.972413793
Burtonwood Village,2010,4,201900,197550,163.5,146,0.942110912,0.992972973
Burtonwood Village,2011,2,188450,188450,13,13,1.005714286,1.005714286
Burtonwood Village,2012,2,221500,221500,7.5,7.5,1,1
Burtonwood Village,2013,2,197500,197500,45.5,45.5,0.952259216,0.963646752
Burwood Farms,2010,1,118000,118000,97,97,0.737961226,0.874722016
Burwood Farms,2012,1,153000,153000,89,89,0.913432836,0.927272727
Bush Manor,2012,1,125000,125000,22,22,1.069289991,1.069289991
Bush Manor,2013,1,175000,175000,37,37,0.945945946,0.945945946
Cambria Village,2010,4,166400,167900,111,139,1,1
Cambria Village,2011,4,152400,143925,514,470.5,0.990189666,1
Cambria Village,2012,3,153650,136883.3333,76,186.3333333,0.968484084,0.968484084
Cambria Village,2013,3,156900,157233.3333,841,660.6666667,1,1
Camden,2010,2,163450,163450,29.5,29.5,0.981852315,0.981852315
Camden,2011,7,172000,162357.1429,39,100,0.937142857,0.956086715
Camden,2012,7,164900,142657.1429,57,68.57142857,0.966666667,0.983050847
Camden,2013,4,156000,144000,97.5,96.25,1,1
Camden Commons,2010,2,124000,124000,86,86,0.913278944,0.951187532
Camden Commons,2011,2,78450,78450,173,173,0.668374399,0.708166149
Camden Commons,2012,4,89000,86250,48,57.25,0.869855072,0.88573797
Camden Commons,2013,2,79000,79000,28.5,28.5,0.857855885,0.928872436
Candlewicke,2010,1,265000,265000,53,53,0.914108313,0.914108313
Candlewicke,2013,1,375000,375000,54,54,0.862068966,0.903614458
Cannon Mills,2010,7,164900,174757.1429,175,230.4285714,0.854971501,0.97914006
Cannon Mills,2011,6,150250,162066.6667,50,65.83333333,0.989208633,0.996150885
Cannon Mills,2012,7,122000,130142.8571,72,93.28571429,0.878477306,0.952388511
Cannon Mills,2013,4,136500,146125,21.5,53,0.9875,1.0125
Canterbury Meadows,2010,1,175000,175000,65,65,0.972222222,0.972222222
Canterbury Trails,2010,1,206000,206000,16,16,0.990384615,0.990384615
Canterbury Trails,2012,1,275000,275000,64,64,0.919732441,0.919732441
Canterbury Trails,2013,3,133488,148862.6667,51,54.66666667,0.946,1.050754458
Canterville,2010,1,125000,125000,343,343,0.962278676,0.962278676
Canterville,2011,1,71000,71000,441,441,0.507505361,0.987482615
Canterville,2012,1,150000,150000,39,39,0.9375,0.9375
Canterville,2013,1,127000,127000,510,510,0.894996476,0.907791279
Capitol Green,2010,1,84000,84000,220,220,0.840840841,0.934371524
Capitol Green,2011,1,32000,32000,30,30,0.879120879,0.879120879
Capitol Park,2010,1,79000,79000,64,64,0.930506478,0.930506478
Capitol Park,2011,12,20000,26083.33333,76.5,173.3333333,0.645206136,0.841894315
Capitol Park,2012,1,18500,18500,23,23,1,1
Capitol Park,2013,1,62000,62000,31,31,0.885714286,0.885714286
Cardinal Hills,2011,2,241500,241500,258,258,0.72480315,0.941287879
Cardinal Hills,2012,2,252500,252500,25,25,0.980769231,0.980769231
Cardinal Hills,2013,2,297000,297000,127.5,127.5,0.939539749,0.982504549
Carlisle Vil,2010,5,169900,163580,128,203,0.918665886,0.993377483
Carlisle Vil,2011,6,149900,152350,70,151.6666667,0.937460913,0.994285714
Carlisle Vil,2012,2,87000,87000,64,64,0.858912186,0.982535809
Carlisle Vil,2013,5,125299,120659.8,112,123,0.91,0.920920921
Carriage Lake,2010,2,187500,187500,152.5,152.5,0.855646928,0.987179487
Carriage Lake,2013,2,197450,197450,128,128,0.946138034,0.988372093
Carter,2012,3,160000,135000,14,58,1.000571755,1.000571755
Ceaderbrook Acres,2010,2,132500,132500,57,57,0.803030303,0.880422692
Ceaderbrook Acres,2011,1,42500,42500,75,75,0.904255319,0.904255319
Cedar Lane,2010,1,150000,150000,22,22,0.938086304,0.938086304
Cedarbrook Acres,2010,1,50000,50000,130,130,0.500500501,0.863557858
Cedarbrook Acres,2011,2,27000,27000,109.5,109.5,0.337581121,0.449164208
Cedarbrook Acres,2013,1,169000,169000,18,18,0.994702766,1
Champions Club,2010,1,314990,314990,207,207,0.926468426,1
Champions Club,2011,2,257495,257495,577.5,577.5,0.969093459,0.975896867
Chapelcroft,2010,3,197000,183666.6667,111,135.6666667,0.976076555,1.000667111
Chapelcroft,2011,2,133750,133750,70,70,0.85681809,0.97485006
Chapelcroft,2012,2,128450,128450,20.5,20.5,1.003971406,1
Chapelcroft,2013,1,149000,149000,7,7,0.993333333,0.993333333
Chatham Cove,2010,1,175000,175000,185,185,0.921052632,0.921052632
Chatham Cove,2011,2,103500,103500,153,153,0.839304505,0.882308338
Chatham Cove,2012,2,64250,64250,194,194,0.720620155,0.952063387
Chatham Cove,2013,5,132000,137400,122,112.6,0.962278676,0.962278676
Chelesa Villa,2011,1,149900,149900,212,212,1,1
Chelesa Villa,2012,2,165000,165000,40.5,40.5,1.001939967,0.999262673
Chelesa Villa,2013,1,140000,140000,379,379,0.903225806,0.936454849
Chestnut Ridge,2010,8,260473,270230.75,143,153.875,0.964429821,0.982898543
Chestnut Ridge,2011,6,246000,248400.1667,24,51.33333333,0.98600358,0.991001101
Chestnut Ridge,2012,11,235000,244936.3636,66,123.6363636,0.974358974,0.983094704
Chestnut Ridge,2013,5,267273,274014.6,130,125.8,1.017785683,1.028368603
Cheswold,2010,2,69950,69950,43.5,43.5,1.043586444,1.043586444
Cheswold,2011,1,12000,12000,218,218,0.545454545,0.545454545
Cheswold,2012,1,49000,49000,77,77,0.597560976,0.66395664
Cheswold,2013,1,47000,47000,206,206,0.522803115,0.854545455
Chimney Hill,2010,14,182500,181964.2857,132.5,162.8571429,0.924969734,0.987974465
Chimney Hill,2011,4,167500,152500,64,99.75,0.945945946,0.962301587
Chimney Hill,2012,8,169000,168112.5,44,61.375,0.974236946,1
Chimney Hill,2013,7,170000,167785.7143,51,67.14285714,0.961904762,0.961904762
Church Creek,2010,3,228500,217183.3333,85,92.33333333,0.972754364,0.97914006
Church Creek,2011,5,219900,224880,67,72.2,0.995712244,0.995712244
Church Creek,2012,6,189500,199983.3333,81,91.33333333,0.95171371,1
Church Creek,2013,4,185500,185444.25,57.5,100.75,0.942439543,0.987373737
Church Hill Vil,2012,2,234950,234950,177,177,0.764776265,1.573825503
Clayton,2010,4,185500,179331.5,62.5,64,0.940576565,0.940576565
Clayton,2011,7,162000,162000,228,174.2857143,0.79581628,0.946457545
Clayton,2012,4,163500,170500,84.5,101,0.925511515,0.974807424
Clayton,2013,5,189900,159380,95,87.4,0.863181818,0.892410342
Clayton Square,2011,1,129900,129900,18,18,1,1
Clayton Square,2013,1,160000,160000,17,17,0.96969697,0.96969697
Clearview Meadow,2010,6,178660,194266.1667,69.5,100.3333333,0.955009435,0.977092738
Clearview Meadow,2011,1,169000,169000,16,16,0.994702766,0.994702766
Clearview Meadow,2012,1,145900,145900,67,67,0.954218443,1
Clearview Meadow,2013,4,188750,209350,104.5,99.25,0.98586727,0.986848459
Colony West,2013,2,79900,79900,116,116,1,1
Cooper Farms,2011,1,61000,61000,46,46,0.685393258,0.953125
Cottage Dale Acres,2010,4,280000,318725,353.5,372.5,0.932353359,0.974906551
Cottage Dale Acres,2011,2,267500,267500,627,627,0.818596491,0.99154881
Cottage Dale Acres,2012,4,230950,211725,110,155.75,0.771836735,0.913370819
Cottage Dale Acres,2013,4,245500,235850,96.5,138.75,0.973345278,0.992360194
Country Field,2010,1,249900,249900,170,170,0.833277759,1
Country Fields,2010,1,295000,295000,158,158,0.87020649,0.922163176
Country Fields,2011,2,287500,287500,93.5,93.5,0.90471464,0.947106875
Country Fields,2012,1,287500,287500,41,41,0.871476205,0.898718349
Country Fields,2013,1,359900,359900,4,4,1,1
Country Lake,2011,2,308000,308000,166,166,0.956478039,0.983944725
Country Lake,2013,1,238000,238000,573,573,0.952380952,0.952380952
Courseys Point,2010,2,243312.5,243312.5,19,19,1,1
Courseys Point,2011,1,228500,228500,482,482,0.933033891,0.972754364
Courseys Point,2012,3,301193,298366,2,67,1,1
Courseys Point,2013,5,214900,219999,21,18,1,1
Courtside,2010,1,390000,390000,49,49,0.928571429,0.928571429
Courtside,2013,1,351600,351600,46,46,0.927704485,0.927704485
Cranberry Run,2011,1,187000,187000,43,43,0.971428571,0.971428571
Cranberry Run,2012,3,235000,225000,104,109,0.94037615,0.95
Cranberry Run,2013,5,204000,204607,40,92.8,0.948841623,0.952834683
Creekstone,2013,1,275000,275000,278,278,1.022304833,1.022304833
Crossgates,2010,5,178000,181000,197,217,0.912820513,0.979899497
Crossgates,2011,5,160000,146400,160,212.4,0.898323418,0.977633902
Crossgates,2012,3,132500,128833.3333,55,61,0.913793103,0.913793103
Crossgates,2013,5,173000,172380,169,113.6,0.947340706,0.988571429
Crystal Creek,2010,1,275900,275900,387,387,0.965022735,0.965022735
Crystal Creek,2011,1,260000,260000,36,36,0.963319748,0.963319748
Cypress Gdns,2010,4,211950,196200,58,74.75,0.958529728,1
Cypress Gdns,2011,2,130950,130950,54.5,54.5,0.861200915,0.95462875
Cypress Gdns,2013,2,135485,135485,97.5,97.5,0.965675322,0.967967098
Danfield Estates,2010,4,250754,249367.5,25.5,55.5,1.034437416,1.034437416
Deer Meadows,2010,3,190000,175000,307,365,0.805555556,0.90681676
Deer Meadows,2011,1,285000,285000,478,478,0.904761905,0.982758621
Deer Meadows,2012,1,229900,229900,16,16,1,1
Deer Meadows,2013,3,185000,195333.3333,42,124.6666667,0.984315846,1
Deerfield,2010,2,179500,179500,49.5,49.5,0.971139545,0.98409789
Deerfield,2011,1,162000,162000,93,93,0.900500278,0.982413584
Deerfield,2012,4,153250,150325,27.5,65.75,0.975899239,0.994845361
Deerfield,2013,1,180000,180000,103,103,0.878477306,0.947867299
Delhaven Ests,2010,3,114000,115433.3333,123,122.3333333,0.915244261,0.950792327
Delhaven Ests,2013,1,60000,60000,86,86,0.666666667,0.666666667
Delshire,2011,1,140000,140000,482,482,0.833829661,0.903808909
Delshire,2012,1,178000,178000,44,44,0.962162162,0.962162162
Delshire,2013,1,162500,162500,74,74,1.04233483,1.04233483
Derbywood,2011,2,251000,251000,156,156,0.916393584,0.984582294
Derbywood,2012,1,300000,300000,13,13,0.857142857,0.857142857
Derbywood,2013,2,234950,234950,89,89,0.939995998,0.958941392
Dickinson Creek,2010,1,273011,273011,2,2,1.011376602,1.011376602
Dickinson Creek,2011,1,259130,259130,2,2,1.151688889,1.151688889
Dickinson Creek,2012,2,237616.5,237616.5,130.5,130.5,1.086801846,1.104274423
Dickinson Creek,2013,4,222200,227599.75,41,80.5,1.058347692,1.058347692
Dinahs Corner,2012,1,30000,30000,354,354,0.601202405,1.003344482
Doe Run,2010,3,172000,173633.3333,85,269.3333333,0.891891892,0.982857143
Doe Run,2011,3,148000,118300,49,54.33333333,0.925,1
Doe Run,2012,1,145000,145000,13,13,0.983050847,0.983050847
Doe Run,2013,1,136000,136000,58,58,0.937931034,0.937931034
Dogwood Meadows,2010,1,239900,239900,233,233,0.923047326,1
Dogwood Meadows,2011,5,192500,210298,10,142,1,1
Dogwood Meadows,2012,3,197000,209430,255,170.6666667,1,0.989717224
Dogwood Meadows,2013,6,219950,218400,76,131.5,0.996183206,0.996183206
Double Run Hunt Cl,2012,2,194500,194500,99.5,99.5,0.833333333,1.000263296
Double Run Hunt Cl,2013,1,203000,203000,12,12,1.074074074,1.074074074
Dover,2010,13,115000,112692.3077,117,126.0769231,0.933333333,0.970285021
Dover,2011,15,135000,129476.6667,97,162,0.750416898,0.954356846
Dover,2012,20,133500,156340,104,167.8,0.895194805,0.958385776
Dover,2013,15,150000,151166.6667,56,97.2,0.969678593,1
Dover East,2011,3,23000,25666.66667,11,63,0.92,0.92
Dover Hgts,2011,2,50750,50750,305.5,305.5,0.532474964,0.86726817
Dover Hgts,2012,4,93400,91075,152,230.75,0.769417348,0.982142857
Dover Hgts,2013,2,58750,58750,170,170,0.829011683,0.829011683
Dover Meadows,2010,1,224000,224000,75,75,0.896358543,0.933722384
Dover Meadows,2011,1,288600,288600,214,214,0.962,0.998615917
Dover Meadows,2012,1,252500,252500,23,23,0.945692884,0.945692884
Dover Meadows,2013,3,275000,275500,74,63.33333333,1.000363769,1.000363769
Doverbrook Gdns,2011,1,39000,39000,85,85,0.651085142,0.868596882
Downs Chapel,2011,1,145000,145000,74,74,0.967311541,1.03645461
Duck Creek Estates,2010,1,315000,315000,873,873,0.901287554,0.901287554
Dupont Manor,2010,1,95000,95000,36,36,0.826805918,0.88372093
Dupont Manor,2011,3,85000,107367,199,218,0.966171875,0.966171875
Eagles Chase,2010,5,130000,125780,32,51.8,0.912751678,0.964207451
Eagles Chase,2011,2,117500,117500,70,70,0.966101695,0.966101695
Eagles Chase,2012,2,111500,111500,34,34,1.008414634,1.045
Eagles Chase,2013,5,120000,111500,11,34.2,0.96,0.96
Eagles Nest,2010,1,217000,217000,23,23,0.955947137,0.955947137
Eagles Nest,2011,2,187450,187450,21.5,21.5,0.967741935,0.967741935
Eagles Nest,2012,2,211200,211200,315,315,0.928298793,0.960227273
Eagles Nest,2013,2,195950,195950,40.5,40.5,0.976151328,0.98648361
Eagles View,2010,7,165000,170727.1429,28,44.71428571,0.971159506,1
Eagles View,2011,4,151250,139125,64,49.25,0.946311326,0.971153727
Eagles View,2012,3,146900,150300,51,69.66666667,0.920028309,1.013802622
Eagles View,2013,4,141000,140950,98,145.75,0.871977985,0.978873239
East Lake Gdns,2012,3,125000,160333.3333,31,25.33333333,0.962278676,0.962278676
East Lake Gdns,2013,1,115000,115000,37,37,0.959132611,0.959132611
Eastbay Point,2011,2,151200,151200,103.5,103.5,1.008672448,1.008672448
Eastbay Point,2012,2,157950,157950,277.5,277.5,1.022341095,0.999698977
Eastover Hills,2010,2,222000,222000,542.5,542.5,0.870858792,0.889298975
Eastover Hills,2013,4,173750,173375,101,109.75,0.93437733,0.987563218
Eastwood Manor,2011,1,117900,117900,23,23,1.026109661,1.026109661
Eastwood Manor,2013,1,74000,74000,279,279,0.655447298,0.823136819
Eberton,2010,1,150000,150000,30,30,1.072194425,1.072194425
Eberton,2011,1,70100,70100,107,107,0.584166667,0.961591221
Eberton,2012,3,135000,127300,8,15,0.964285714,0.964285714
Eberton,2013,2,165500,165500,69,69,0.989431645,0.989431645
Eden Hill,2011,2,166780,166780,53,53,1.001420286,1.032943234
Eden Hill,2012,8,162912.5,165953.125,142.5,144.5,0.982678557,0.995499727
Eden Hill,2013,3,150000,154163.3333,76,141,0.961538462,1
Eden Rock,2010,1,95000,95000,19,19,0.905624404,0.905624404
Eden Rock,2011,3,180000,158333.3333,117,110,0.801781737,0.975487744
Eden Rock,2012,1,150000,150000,379,379,0.625260525,1.000667111
Edgehill,2010,7,137900,150671.4286,86,145.8571429,0.947340706,0.971223022
Edgehill,2011,4,115000,112500,198.5,175.25,0.852145622,0.978806187
Edgehill,2012,8,104750,98787.5,127,124.875,0.885808105,1
Edgehill,2013,7,130000,141628.5714,59,63.42857143,0.9592,0.972307692
Edgehill Acres,2010,1,97500,97500,111,111,1,1
Edgehill Acres,2011,5,105000,102980,144,230.4,0.724137931,0.93220339
Edgehill Acres,2012,6,85500,84050,67.5,100,0.862148383,0.976190476
Edgehill Acres,2013,8,132450,131100,57.5,118.25,0.952414014,0.98488172
Emerald Pointe,2010,13,240000,250213.7692,119,132.8461538,1,1
Emerald Pointe,2011,6,237283,236207.1667,1.5,35.33333333,1.036708794,1.036708794
Emerald Pointe,2012,9,242575,246149.4444,123,139.6666667,1.003724161,1
Emerald Pointe,2013,8,240047.5,244373.125,287.5,370.375,0.97991848,0.984741889
Emil Kfoury,2013,1,950000,950000,45,45,0.954773869,0.954773869
English Village,2010,5,93000,92928,28,93.6,0.955414013,0.955414013
English Village,2011,5,74900,88628,162,195,0.876095119,0.876095119
English Village,2012,2,65450,65450,178,178,0.902959788,0.902959788
English Village,2013,3,79250,74750,261,253.3333333,0.889877642,0.946745562
Ests At West Shore,2010,3,268000,263833.3333,28,93.33333333,0.961473471,0.974899964
Ests At West Shore,2011,1,154000,154000,21,21,1.000649773,1.000649773
Ests At West Shore,2013,2,398500,398500,649.5,649.5,0.949885971,0.972082447
Ests Of Wild Quail,2010,1,470000,470000,417,417,0.810484566,0.94000188
Ests Of Wild Quail,2011,1,575000,575000,304,304,0.884615385,0.959933222
Ests Of Wild Quail,2012,1,577685,577685,1,1,1,1
Ests Of Wild Quail,2013,1,762500,762500,459,459,0.64893617,0.848164627
Evergreen Acres,2011,1,140000,140000,116,116,0.848999394,0.875547217
Fair Acres,2010,1,112500,112500,30,30,0.809352518,0.872093023
Fair Acres,2012,1,75000,75000,55,55,0.789473684,0.789473684
Fairfield Farms,2010,2,228750,228750,49.5,49.5,0.996955198,1.008003557
Fairfield Farms,2011,2,194950,194950,69,69,0.908193685,0.928775607
Fairfield Farms,2012,3,286000,273266.6667,64,94.33333333,1,1
Fairfield Farms,2013,9,220000,209755.5556,60,112.4444444,0.936170213,0.947136564
Fairview,2010,2,166000,166000,195.5,195.5,0.937758538,0.937758538
Fairview,2011,1,95000,95000,127,127,0.704225352,0.950950951
Fairview,2012,1,50000,50000,62,62,0.724637681,0.724637681
Fairview,2013,2,119800,119800,89.5,89.5,0.968139443,0.972020657
Farmington,2010,2,92500,92500,26,26,0.862034154,0.870651878
Farthing Woods,2010,3,237000,253585,287,252.3333333,1.008939974,1.008939974
Farthing Woods,2012,2,223450,223450,78.5,78.5,0.972146088,0.993478261
Farthing Woods,2013,1,230000,230000,96,96,0.99137931,0.99137931
Felton,2010,8,183750,195225,186.5,257.625,0.950465198,0.959381717
Felton,2011,4,160240,168095,144,200.25,0.94760479,1.015
Felton,2012,9,150000,150777.8889,94,131.2222222,0.925925926,0.945472736
Felton,2013,4,109500,156275,43.5,73.5,0.962964983,0.966473556
Felton Hgts,2011,1,85000,85000,9,9,1,1
Felton Hgts,2012,1,43000,43000,278,278,0.5,0.568181818
Felton Hgts,2013,1,115000,115000,323,323,0.913423352,0.913423352
Felton West,2010,1,169900,169900,214,214,0.898941799,1
Fernwood,2012,1,110000,110000,17,17,1,1
Fields At Magnolia,2010,2,290000,290000,19,19,0.936095886,0.95248631
Fields At Magnolia,2011,1,269000,269000,105,105,0.930795848,1
Fields At Magnolia,2013,1,215000,215000,15,15,1.04368932,1.04368932
Fieldstone Village,2013,1,204860,204860,1,1,0.977572056,0.977572056
Forest Gate,2010,1,189900,189900,459,459,0.926341463,1
Four Seasons,2010,2,227950,227950,216,216,0.940200085,0.972273761
Four Seasons,2012,1,195000,195000,71,71,0.886766712,0.979899497
Four Seasons,2013,2,217125,217125,86,86,1.003382618,0.99889882
Fox Hall West,2010,3,265000,266666.6667,94,99,0.920368147,0.946766702
Fox Hall West,2011,4,283000,280000,56.5,54.5,0.969905572,0.975255692
Fox Hall West,2012,3,275000,244333.3333,14,78.33333333,0.948602967,0.948602967
Fox Hall West,2013,9,225000,232222.2222,83,94,0.929824561,0.960384154
Fox Hole Estates,2012,1,190000,190000,637,637,0.778688525,0.909090909
Fox Hollow,2010,5,199900,203940,64,181.8,0.973697029,1
Fox Hollow,2011,2,189950,189950,247,247,0.94101127,0.986486486
Fox Hollow,2013,2,212450,212450,151,151,0.976925011,1
Foxhall,2010,5,200000,222080,46,78.2,0.92890318,0.95323741
Foxhall,2011,7,195000,249714.2857,56,70,0.890410959,0.966988996
Foxhall,2012,6,206500,197333.3333,77,99.16666667,0.9026856,0.983837444
Foxhall,2013,10,232250,228890,86.5,103.3,0.944869497,0.997387085
Fredrica,2010,3,139811,139103.6667,146,256,0.833878352,1
Fredrica,2011,1,45100,45100,22,22,0.980434783,0.980434783
Fredrica,2012,6,105000,106308.3333,107.5,138,0.886118462,0.929149276
Fredrica,2013,3,72250,103083.3333,31,32.66666667,0.940860215,0.940860215
Friendship Village,2010,2,209500,209500,511.5,511.5,0.9762242,0.974758582
Friendship Village,2011,3,179900,176633.3333,491,562.6666667,0.968115942,1
Friendship Village,2012,1,148000,148000,437,437,0.875739645,0.957928803
Friendship Village,2013,1,157500,157500,56,56,0.954545455,0.954545455
Galena,2010,1,200500,200500,153,153,0.915525114,0.959330144
Gardenside,2010,4,221950,222196.25,16.5,86.25,1,1
Gardenside,2011,3,239900,229966.6667,258,232.6666667,0.959983994,1
Gardenside,2012,2,236500,236500,19.5,19.5,0.976491787,0.982541035
Gardenside,2013,3,220000,209333.3333,18,59.33333333,1,1
Garrison,2012,1,200000,200000,17,17,1.202645821,1.202645821
Garrison,2013,2,232450,232450,68.5,68.5,0.944444444,0.989795918
Garrison Lake Gree,2010,6,249900,242033.3333,92,136.1666667,0.99373083,0.980761831
Garrison Lake Gree,2011,12,216500,221499.9167,73,137.75,0.896723203,0.974707264
Garrison Lake Gree,2012,22,208000,201419.1364,63,74.95454545,0.941755459,0.99749861
Garrison Lake Gree,2013,14,221000,219921.4286,53.5,79.07142857,0.991473634,1
Generals Greene,2010,2,30750,30750,73.5,73.5,0.664592275,0.955927052
Generals Greene,2011,1,60000,60000,12,12,0.923076923,0.923076923
Generals Greene,2012,1,170000,170000,112,112,0.566855619,0.850425213
Generals Greene,2013,3,62500,54791.66667,26,42,0.892857143,0.892857143
Georgetown,2011,1,300000,300000,293,293,0.857142857,0.857142857
Glenhurst,2010,1,220750,220750,55,55,0.977851606,0.977851606
Glenhurst,2013,1,237500,237500,100,100,0.969783585,0.969783585
Glenwood,2010,5,115000,124180,69,57.2,0.92,0.940627085
Glenwood,2011,4,107950,114475,11,16.5,0.988571429,1.003703704
Glenwood,2012,5,133900,119980,78,73,0.957112223,0.992587102
Glenwood,2013,3,75000,100000,43,48.66666667,0.903373356,0.95851216
Grand Oaks,2011,2,266950,266950,128,128,0.991044621,1.008163265
Grand Oaks,2012,5,252500,251460,73,66.8,0.935188649,0.992153786
Grand Oaks,2013,1,263500,263500,179,179,0.941407646,0.994714987
Grandview Meadows,2010,2,180000,180000,72.5,72.5,0.983998924,0.983998924
Grandview Meadows,2011,3,178900,172190,24,50,0.999497179,0.999497179
Grandview Meadows,2012,2,165000,165000,66.5,66.5,0.866773287,0.962925304
Grandview Meadows,2013,1,201900,201900,107,107,0.961886613,1.010005003
Green Briar,2011,1,52240,52240,61,61,0.65959596,0.65959596
Green Mdws,2010,8,123500,120125,143,185.375,0.870079683,0.961334342
Green Mdws,2012,1,110000,110000,16,16,0.982142857,0.982142857
Green Mdws,2013,7,129000,120399.8571,53,84.28571429,0.930653333,0.936087799
Green Spring,2012,1,100000,100000,3,3,0.909090909,0.909090909
Greens At Wyoming,2010,11,149500,144928.2727,123,124.0909091,0.948851001,0.980327869
Greens At Wyoming,2011,9,119900,129944.4444,218,227.3333333,0.936087799,0.954962469
Greens At Wyoming,2012,8,149915,151591.25,142,273.625,0.95799032,0.976482001
Greens At Wyoming,2013,10,156950,158036.7,142.5,259.4,0.985385666,1
Greenview,2010,1,185000,185000,72,72,0.939086294,0.974196946
Greenview,2011,2,187500,187500,52.5,52.5,0.920103674,0.969123281
Greenview,2013,2,207500,207500,40,40,0.967522386,0.967522386
Gregg Neck,2013,1,70000,70000,205,205,0.700700701,0.778642937
Gunners Run,2012,1,229000,229000,321,321,0.944329897,0.974882929
Gunners Run,2013,1,232000,232000,15,15,0.987234043,0.987234043
Hall Ests,2011,1,145000,145000,56,56,0.90625,0.920634921
Hall Ests,2013,3,175000,173333.3333,146,123,0.838494521,0.966266438
Halltown East,2010,2,123750,123750,189,189,0.832738493,0.982549259
Halltown East,2012,1,64021,64021,118,118,0.527182148,0.618560386
Halltown East,2013,1,127500,127500,117,117,0.923913043,0.981524249
Hampton Hills,2010,1,345000,345000,82,82,0.958599611,0.988538682
Hampton Hills,2011,1,350000,350000,10,10,1,1
Hampton Hills,2012,2,341160,341160,456,456,0.890973949,1.011794112
Hampton Hills,2013,4,280000,300572.25,149.5,262.5,0.991087668,0.991087668
Hampton Square,2010,1,121000,121000,221,221,0.917361638,0.975806452
Hampton Square,2011,1,54200,54200,159,159,0.6775,0.929355281
Hampton Square,2012,3,83000,89500,284,277,0.830830831,0.981887512
Hampton Square,2013,1,68000,68000,134,134,0.971428571,0.971428571
Harrington,2010,12,112500,104125,105.5,123.9166667,0.832055765,0.90651341
Harrington,2011,13,117000,121100.7692,107,171.1538462,0.904,0.975476839
Harrington,2012,18,107500,107233.3333,70.5,89.38888889,0.911818182,0.957947162
Harrington,2013,21,129000,137580.9524,122,168.952381,0.87414966,0.976744186
Harrison Knoll,2010,2,286000,286000,91,91,0.953026641,0.977559455
Hartly,2010,3,162000,185666.6667,14,62.33333333,1,1
Hartly,2011,2,46000,46000,159,159,0.578273836,0.64112261
Hartly,2012,2,158000,158000,51.5,51.5,0.922777292,0.961375126
Hartly,2013,3,185000,186666.6667,30,52,0.961538462,0.961538462
Haven Lake Ests,2013,1,330000,330000,369,369,0.825206302,0.892133009
Hazel Farm,2012,1,239990,239990,33,33,0.9599984,1
Hazel Farm,2013,3,260000,257494.6667,84,74.66666667,1.015283843,1.015283843
Hazelwood,2013,1,110000,110000,18,18,0.940975192,0.940975192
Hearthstone Manor,2013,1,139000,139000,73,73,0.945578231,1.02962963
Heatherfield,2010,2,156700,156700,113.5,113.5,0.90918983,0.965310928
Heatherfield,2011,7,140000,142857.1429,44,94.57142857,0.933333333,0.952380952
Heatherfield,2012,4,147500,148500,94.5,89.25,0.931765935,0.948268398
Heatherfield,2013,9,145000,142322.2222,91,157.3333333,0.955414013,0.967311541
Heatherfield East,2010,1,168000,168000,83,83,0.93385214,0.95184136
Heatherfield East,2011,2,135950,135950,160,160,0.882235559,0.977579891
Heatherfield East,2012,2,127500,127500,51,51,0.931239215,0.945553731
Heatherfield East,2013,2,166500,166500,177.5,177.5,1.024096043,0.963127017
Heritage Trace,2010,7,257500,266200,154,116,0.903571429,1
Heritage Trace,2011,8,262480,263338.375,124,161,0.908739784,0.98600096
Heritage Trace,2012,6,272250,263083.3333,168.5,183.8333333,0.917899633,0.96824228
Heritage Trace,2013,5,267000,270780,187,148.4,0.922140061,0.995128714
Hickman,2011,2,80500,80500,134.5,134.5,0.6370088,0.680005431
Hickory Dale Acres,2010,1,212000,212000,250,250,0.942222222,0.942222222
Hickory Dale Acres,2012,1,180000,180000,162,162,0.782949108,0.97826087
Hickory Dale Acres,2013,1,185000,185000,588,588,0.822222222,0.885167464
Hickory Dale West,2010,2,211000,211000,146,146,0.927702438,0.938065288
Hickory Dale West,2011,3,157000,172333.3333,14,73.33333333,0.97665555,1
Hickory Dale West,2012,1,149900,149900,7,7,1,1
Hickory Dale West,2013,3,135000,148000,316,350.6666667,0.942857143,1
Hickory Hill,2012,1,167000,167000,85,85,0.954285714,0.954285714
Hickory Hollow,2010,2,236394.5,236394.5,13.5,13.5,1.050897835,1.050897835
Hickory Hollow,2011,3,262000,275666.6667,169,190.6666667,0.953125,0.953125
Hickory Hollow,2012,5,259990,265596,229,293.8,0.8495216,1
Hickory Hollow,2013,3,244000,231966.6667,22,42.33333333,0.957238133,0.987951807
Hidden Acres,2010,1,251000,251000,306,306,0.929974064,0.947527369
Hidden Acres,2011,3,220000,172833.3333,30,81,0.978212539,0.978212539
Hidden Acres,2012,3,165000,152899.3333,72,127.6666667,0.919965202,0.971159506
Hidden Acres,2013,7,228000,211285.7143,27,56,0.953133228,0.991935484
Hidden Creek,2010,2,222450,222450,43.5,43.5,0.976309253,1.013824885
Hidden Creek,2011,5,219000,214300,16,31.8,0.975487744,0.979743696
Hidden Creek,2013,1,235000,235000,56,56,0.94037615,0.959183673
Hidden Oaks,2010,2,230000,230000,13,13,0.980018265,0.980018265
Hidden Oaks,2011,2,220000,220000,60.5,60.5,0.891944502,0.935580866
Hidden Oaks,2012,2,228500,228500,27,27,0.993013187,0.993013187
Hidden Pond,2010,8,211000,204657,71.5,66.75,0.954308433,1
Hidden Pond,2011,8,214000,205087.5,135,126.25,0.977210813,1.002222222
Hidden Pond,2012,11,190000,184081.4545,143,172,0.94972067,0.99009901
Hidden Pond,2013,2,227950,227950,170,170,0.977876106,0.995412844
Hideaway Acres,2010,2,230500,230500,122.5,122.5,0.971698113,1
Hideaway Acres,2011,2,145000,145000,271.5,271.5,0.795276655,0.85814821
Hideaway Acres,2012,1,163500,163500,139,139,0.934285714,1.022514071
Highland Acres,2011,1,90000,90000,98,98,0.666666667,0.900900901
Highland Acres,2012,2,198000,198000,102.5,102.5,1.01139522,0.997566252
Highland Acres,2013,1,162000,162000,8,8,0.981818182,0.981818182
Hilldale,2010,1,92500,92500,58,58,0.74,0.925
Hillside Acres,2011,2,128500,128500,38,38,0.980976786,0.980976786
Hoars Addition,2013,1,133000,133000,106,106,1,1
Holly Terrace,2013,1,142500,142500,28,28,0.950633756,0.950633756
Hollywood Acres,2010,1,170000,170000,29,29,0.944969427,0.944969427
Hollywood Acres,2012,1,288000,288000,161,161,0.929032258,0.963210702
Hollywood Acres,2013,1,189000,189000,71,71,0.947368421,0.947368421
Honey Brook Farms,2010,1,129000,129000,41,41,0.832795352,0.922087205
Honey Brook Farms,2011,1,148000,148000,17,17,0.933753943,0.933753943
Honey Brook Farms,2012,3,132000,129833.3333,25,68,0.917278185,0.923076923
Honey Brook Farms,2013,2,157500,157500,7.5,7.5,0.991024778,0.991024778
Houston,2011,2,300000,300000,310,310,0.888565782,0.908695652
Houston,2012,1,80000,80000,54,54,0.842992624,0.942285041
Hudson Trails,2010,1,191000,191000,318,318,0.974489796,0.974489796
Hummingbird Hills,2010,1,160000,160000,96,96,0.914808462,0.94173043
Hummingbird Hills,2012,1,170000,170000,48,48,1.000588582,1.000588582
Hummingbird Hills,2013,1,180000,180000,12,12,1,1
Hunters Pointe,2010,2,277450,277450,18,18,0.979300244,0.979300244
Hunters Pointe,2011,1,300000,300000,62,62,0.953137411,0.970873786
Hunters Pointe,2013,2,343500,343500,201,201,0.944243261,0.961711034
Hunters Ridge,2010,4,273500,270500,122,208,0.912359179,0.977915429
Hunters Ridge,2012,4,262000,260000,17,19.5,0.998268565,0.998268565
Hunters Ridge,2013,3,270000,259966.6667,13,14.66666667,0.958333333,0.958333333
Hunters Run,2011,1,320000,320000,119,119,0.969990906,0.969990906
Hunters Run,2013,1,345000,345000,31,31,0.932684509,0.932684509
Hunter's Run,2012,1,295000,295000,106,106,0.92476489,0.92476489
Huntfield,2011,1,223000,223000,44,44,0.949340145,0.969986951
Huntfield,2013,3,230000,229333.3333,74,115.3333333,0.91372549,0.975262261
Huntington Mills,2010,6,242450,236400,118.5,163.6666667,0.933349503,0.966717968
Huntington Mills,2011,4,216950,227100,14.5,23.5,0.976434524,0.976434524
Huntington Mills,2012,6,198200,201396.6667,68.5,79.5,0.973617124,0.991266376
Huntington Mills,2013,2,202000,202000,91,91,1.0125,1.025641026
Huntley,2011,1,176000,176000,192,192,0.858536585,0.953929539
Huntley,2013,1,129500,129500,373,373,0.836023241,1
Independence Vil,2010,3,161000,146100,250,253.3333333,0.868351764,1
Independence Vil,2011,2,118800,118800,83,83,0.808033754,0.970711236
Independence Vil,2013,3,150000,149966.6667,91,183.6666667,0.933333333,0.933333333
Irish Hills,2010,1,260000,260000,112,112,0.899965386,0.963319748
Irish Hills,2012,4,255950,241700,86.5,86.25,0.969428457,0.986578947
Irish Hills,2013,2,269950,269950,69.5,69.5,0.957428693,1
Jacksons Ridge,2010,1,210000,210000,89,89,0.933748333,0.933748333
Jacksons Ridge,2011,1,163000,163000,43,43,0.961651917,1.019387117
Jacksons Ridge,2012,1,188500,188500,235,235,0.837777778,0.942971486
Jacksons Ridge,2013,3,163000,158000,22,148.3333333,1.051612903,1.051612903
Jockey Hollow,2010,3,285000,302333.3333,161,109.6666667,0.962857143,0.962857143
Jockey Hollow,2011,2,217500,217500,168.5,168.5,0.856052899,0.928746427
Jockey Hollow,2012,1,280000,280000,107,107,0.903225806,0.954003407
Jockey Hollow,2013,3,295000,294000,84,75,0.992277992,0.992277992
John Char Est,2010,3,182500,183166.6667,186,164,0.902745463,0.961032122
John Char Est,2011,1,218500,218500,19,19,0.993181818,0.993181818
John Char Est,2013,1,168500,168500,116,116,0.910810811,0.962857143
Jonathans Landing,2010,5,284000,322600,68,71,0.95959596,0.976863753
Jonathans Landing,2011,6,253450,261983.3333,73,95.16666667,0.966697854,0.983400941
Jonathans Landing,2012,10,244750,255700,98,184.4,0.971860181,0.976124849
Jonathans Landing,2013,7,265000,260000,39,63.42857143,0.946766702,0.983805668
Kent Acres,2010,1,80000,80000,18,18,1,1
Kent Acres,2011,2,32500,32500,217,217,0.470238095,0.480820106
Kent Acres,2012,4,65950,83475,116,111.75,0.720202535,0.937370565
Kent Acres,2013,1,128000,128000,88,88,0.951672862,0.951672862
Kentbourne,2010,6,211000,222493.6667,85.5,93.5,0.948161379,0.97694645
Kentbourne,2011,3,145500,159166.6667,62,108.3333333,0.970625798,0.970625798
Kentbourne,2012,4,206950,219200,66,215.25,0.959054145,0.998502994
Kentbourne,2013,4,138125,133187.5,17,36.75,0.972703488,0.972703488
Kitts Hummock,2010,2,142500,142500,324,324,0.650299097,0.837668834
Kitts Hummock,2011,2,220000,220000,201,201,0.891805602,0.933789954
Kitts Hummock,2012,3,210000,190000,55,66,0.860344138,0.90681676
Knotts Landing,2011,1,179900,179900,82,82,0.799555556,0.8995
Knotts Landing,2012,5,199900,202360,112,164.8,0.927610209,0.979746835
Knotts Landing,2013,5,199900,199080,97,152.4,0.885167464,0.982532751
Lake Como Gardens,2010,1,225000,225000,49,49,0.726040658,0.762711864
Lake Como Gardens,2012,5,162000,181750,97,180.6,0.944193548,0.978929766
Lake Como Gardens,2013,2,162300,162300,20.5,20.5,0.990116812,0.990116812
Lakeshore Glen,2011,1,242500,242500,326,326,0.945168532,0.970388155
Lakeshore Glen,2012,1,242500,242500,142,142,0.986173241,1.010837849
Lakeshore Village,2010,11,239000,236509.0909,48,130.4545455,0.98,0.983539095
Lakeshore Village,2011,11,214000,216318.1818,63,86.63636364,0.927078702,0.994940978
Lakeshore Village,2012,21,209000,204180.9524,56,114.5714286,0.975048752,0.986956522
Lakeshore Village,2013,15,238900,229086.6667,67,70.6,0.978686385,0.986363636
Lakewind,2012,3,218250,226050,73,104.6666667,0.893571733,0.933303691
Lakewind,2013,4,232450,240725,53,50.25,0.957044329,0.982925147
Lakewind III,2013,2,215250,215250,62.5,62.5,0.884267661,0.934273237
Lakewood,2010,1,208000,208000,106,106,0.991893181,1
Lakewood,2012,1,162000,162000,54,54,0.925714286,0.981818182
Laureltowne,2010,7,305000,297839,30,74.14285714,0.973322218,1
Laureltowne,2011,9,234900,230988.8889,104,138.6666667,0.927272727,1.008333333
Laureltowne,2012,9,244200,291711.7778,65,99,1,1.013602457
Laureltowne,2013,4,293750,295625,118.5,115.25,0.919162346,0.970540177
Leipsic,2010,1,142800,142800,113,113,1.02,1.02
Leipsic,2011,1,48500,48500,747,747,0.718518519,0.85840708
Leipsic,2012,1,61900,61900,5,5,1.033388982,1.033388982
Leipsic,2013,2,86450,86450,151.5,151.5,0.843244865,0.882543952
Lexington Glen,2010,13,195000,195748.8462,163,163.5384615,1,0.983879933
Lexington Glen,2011,9,177900,182429.7778,256,236,0.977981651,1
Lexington Glen,2012,4,154700,167750,86,85,0.964870901,0.995192308
Lexington Glen,2013,1,152000,152000,54,54,0.950594121,0.950594121
Lexington Mill,2012,1,340000,340000,33,33,0.971428571,0.971428571
Lexington Mill,2013,2,314000,314000,127.5,127.5,0.915582656,0.961651032
Liberty Knoll,2010,1,201228,201228,193,193,1.118554753,1.070931346
Liberty Knoll,2011,1,181000,181000,211,211,0.968432317,0.968432317
Liberty Knoll,2012,2,172400,172400,54.5,54.5,0.957628452,0.971162222
Liberty Knoll,2013,4,170571.5,178910.75,74.5,63.75,0.9914334,1.004707736
Lighthouse Estates,2013,1,217500,217500,63,63,0.908141962,0.968819599
Lincoln Park,2010,1,126500,126500,16,16,0.973076923,0.973076923
Lincoln Park,2012,2,35000,35000,181.5,181.5,0.602973169,0.780400572
Lincoln Park,2013,3,115000,93366.66667,35,68,0.920736589,0.959132611
Linkside,2010,3,167211,171070.3333,477,359.3333333,0.880521327,0.989414201
Linkside,2011,21,152900,157266.6667,34,40.95238095,1.006671114,1.000667111
Linkside,2012,19,150900,154838.1579,74,106.5263158,1,1
Linkside,2013,19,159400,159878.9474,28,61.63157895,1,1
Little Creek,2011,1,168000,168000,67,67,0.960548885,0.960548885
Little Creek,2012,1,217000,217000,2,2,0.986363636,0.986363636
Long Farm,2011,2,160000,160000,26.5,26.5,0.933333333,0.969314079
Long Farm,2012,3,170000,169966.6667,10,13.33333333,0.977573318,0.977573318
Longacre Village,2010,14,231787.5,249219.2857,312,288.5714286,1,1
Longacre Village,2011,11,235000,241731.1818,23,97.63636364,0.996793227,1
Longacre Village,2012,3,216207,238374,239,192.6666667,1,1
Longacre Village,2013,4,187450,194700,399.5,701,0.984465508,0.992364402
Lucky Estates,2010,2,290500,290500,264.5,264.5,0.959875153,0.959875153
Lucky Estates,2013,2,213500,213500,130,130,0.849198671,0.987429451
Lynch Hgts,2011,1,80000,80000,18,18,0.950683304,0.950683304
Lynnwood Village,2010,2,220000,220000,148.5,148.5,0.989080893,1.000454987
Lynnwood Village,2011,3,199000,194633.3333,120,120.3333333,0.913659205,1
Lynnwood Village,2012,1,185000,185000,8,8,1.01369863,1.01369863
Lynnwood Village,2013,2,210950,210950,76.5,76.5,0.986883059,0.997953615
Magnolia,2010,2,167750,167750,115,115,0.900126966,1.019303945
Magnolia,2011,2,102750,102750,18.5,18.5,1.025622284,1.025622284
Magnolia,2012,4,124000,133650,63,67.25,0.829739479,1
Magnolia,2013,2,227742.5,227742.5,170.5,170.5,0.889755011,0.938596491
Magnolia Meadows,2010,1,227500,227500,80,80,0.875,1.034561164
Magnolia Meadows,2011,3,259900,261633.3333,27,113.3333333,0.94,0.979166667
Magnolia Meadows,2012,2,228500,228500,52,52,1.025462863,1.051129565
Magnolia Meadows,2013,1,302000,302000,60,60,0.974507906,0.990488685
Mallard Pond,2010,2,188000,188000,154,154,0.912220745,0.939039386
Mallard Pond,2011,1,205000,205000,48,48,0.955710956,1
Mallard Pond,2013,1,162000,162000,19,19,0.95350206,0.95350206
Maple Glen,2010,3,219990,221663.3333,172,125.6666667,0.961538462,0.980392157
Maple Glen,2013,1,223000,223000,36,36,0.957081545,0.957081545
Marsh Creek,2011,1,100000,100000,59,59,0.735294118,0.835561497
Marsh Creek,2013,1,95000,95000,21,21,1,1
Mayfair,2010,7,158000,161428.5714,114,160.4285714,0.982857143,0.99433606
Mayfair,2011,3,133000,130441,70,77.66666667,0.88975468,1.01415011
Mayfair,2012,6,130000,135183.3333,79,182.5,0.962686567,0.988
Mayfair,2013,8,142500,140275,19,23.25,0.996551724,1
Mayfair Ii,2010,1,172000,172000,278,278,0.782173715,0.956086715
Mayfair Ii,2011,2,145500,145500,80,80,0.929585896,0.956971314
Mayfair Ii,2012,3,149000,133079.6667,71,54.33333333,0.931832395,0.974493133
Mayfair Ii,2013,1,139900,139900,33,33,0.933288859,0.933288859
Meadow Ridge,2010,1,251500,251500,159,159,0.940186916,0.940186916
Meadow Ridge,2012,1,230000,230000,98,98,0.92,1.022222222
Meadow Ridge,2013,1,280000,280000,47,47,1,1
Meadowglen,2011,3,185000,169166.6667,18,15.66666667,0.925462731,0.925462731
Meadowglen,2012,1,183000,183000,265,265,0.892682927,0.953125
Meadowglen,2013,2,171150,171150,78,78,0.994142654,0.994142654
MeadowsAtChestnutRid,2010,3,255000,293053.3333,149,218.3333333,0.850283428,0.93773494
MeadowsAtChestnutRid,2011,1,205000,205000,121,121,0.857740586,0.980861244
MeadowsAtChestnutRid,2012,1,217000,217000,266,266,0.904177969,0.943478261
MeadowsAtChestnutRid,2013,4,265000,269500,30.5,40.75,0.977305725,0.99462764
Meyers Ii,2011,1,113495,113495,9,9,0.945791667,0.945791667
Milford,2013,2,47000,47000,20.5,20.5,0.877280819,0.877280819
Milford Meadows,2010,1,159900,159900,94,94,0.941141848,1
Milford Meadows,2011,1,153000,153000,484,484,0.827027027,0.968967701
Milford Meadows,2012,2,154000,154000,184,184,0.88056899,0.96455191
Milford Meadows,2013,2,180950,180950,176,176,0.884,0.983627204
Millcreek,2010,5,178000,165330,48,86.4,0.962162162,0.988888889
Millcreek,2011,4,144500,148000,93,165.25,0.908805031,0.952869387
Millcreek,2012,5,135000,144080,39,50.6,0.937460913,0.937460913
Millcreek,2013,9,147000,154233.3333,27,84.33333333,0.964827586,0.993995997
Millcreek Branch,2010,1,230900,230900,14,14,1.004349717,1.004349717
Millcreek Branch,2011,1,213500,213500,150,150,0.970454545,0.970454545
Millcreek Branch,2012,1,196000,196000,244,244,0.935560859,0.980490245
Millcreek Branch,2013,2,194000,194000,62,62,0.93174494,0.979483633
Mists At Blairs Pond,2010,1,185000,185000,11,11,1,1
Mists At Blairs Pond,2012,1,269900,269900,35,35,0.981811568,0.981811568
Mists At Blairs Pond,2013,2,301500,301500,243,243,0.953726945,0.973993493
Misty Pines,2010,2,180200,180200,373.5,373.5,0.888943149,0.932994934
Misty Pines,2011,2,218950,218950,54.5,54.5,0.974396078,0.974396078
Misty Pines,2012,4,151500,149737.5,106.5,97.5,0.930825959,0.980973104
Misty Pines,2013,1,217000,217000,99,99,0.964444444,1.009302326
Moores Lake,2010,2,189950,189950,84.5,84.5,0.947244579,0.977489768
Moores Lake,2011,1,310000,310000,129,129,0.688888889,0.776942356
Moores Meadows,2010,3,240000,232666.6667,275,217.3333333,0.982857143,0.982857143
Moores Meadows,2011,1,249900,249900,6,6,1.041684035,1
Moores Meadows,2012,2,229000,229000,98,98,1.266997856,0.9657759
Moores Meadows,2013,4,259900,259925,83,80.75,0.979157982,1
Morris Ests,2010,3,80000,100666.6667,83,93.33333333,0.769230769,0.998751561
Morris Ests,2011,2,90000,90000,39,39,0.841079097,0.95401886
Morris Ests,2012,3,82500,84833.33333,244,336.6666667,0.762631077,1.001251564
Morris Ests,2013,4,132940,135470,57.5,52.75,0.972775103,0.984375
Mount Vernon Ests,2010,1,229900,229900,66,66,1,1
Mount Vernon Ests,2011,2,185000,185000,61,61,0.955882353,0.97869055
Mount Vernon Ests,2012,1,185000,185000,5,5,1,1
Mount Vernon Ests,2013,2,212500,212500,152.5,152.5,0.913177397,0.936144871
Mount Vernon Proper,2011,1,179500,179500,106,106,0.906565657,0.997776543
Mulberry Hills,2013,2,128425,128425,58.5,58.5,0.972222222,0.972222222
Newells Creek,2010,13,195000,192692.3077,40,91.38461538,0.930232558,0.968660969
Newells Creek,2011,7,182000,153225,55,80.71428571,0.935467734,0.984315846
Newells Creek,2012,12,166000,155900,29.5,76.83333333,0.951865413,0.97834527
Newells Creek,2013,6,169950,167016.6667,14,35.5,1.006756757,1.006756757
Nobles Pond,2013,3,206500,208800,145,247,0.938636364,0.965404395
Non Development,2010,1,160000,160000,93,93,0.888888889,0.888888889
None,2011,1,150000,150000,87,87,0.9375,1
None Available,2010,228,153250,162184.3333,88.5,167.0877193,0.924032264,0.967099567
None Available,2011,253,134000,140078.1502,86,137.5494071,0.894681411,0.959282264
None Available,2012,273,137000,154240.4945,74,126.7765568,0.915384615,0.966666667
None Available,2013,288,147250,161718.7188,85.5,154.4583333,0.933506237,0.967204301
Normansmeade,2010,1,418000,418000,277,277,0.871014795,0.928888889
Normansmeade,2011,3,250000,246000,370,286,0.916666667,0.968622101
Normansmeade,2012,4,231000,221500,47,71.5,0.942884865,0.97373099
Normansmeade,2013,1,249900,249900,125,125,0.961523663,1.020416497
North Shores,2010,1,285000,285000,465,465,1.059479554,1.187994998
North Shores,2011,1,199900,199900,43,43,0.952358266,1
North Shores,2012,1,285000,285000,5,5,0.991304348,0.991304348
North Shores,2013,5,200000,272580.6,43,60.4,0.97,0.97
Northridge,2010,1,420000,420000,210,210,0.933333333,0.933333333
Northridge,2011,3,315000,301966.6667,52,146.6666667,1,1
Northridge,2012,4,324700,302350,186,184,0.875309977,1.000250125
Northridge,2013,3,322000,342333.3333,205,249.6666667,0.947337452,0.955223881
Northwest Dover Hg,2011,1,65800,65800,35,35,0.886195286,0.950180505
Northwest Dover Hg,2012,3,127000,111633.3333,258,199.6666667,0.948469007,1
Northwest Dover Hg,2013,3,84000,102000,150,116.3333333,0.8113804,1.014695591
Nottingham Meadows,2011,8,242450,236581.25,60.5,91.25,0.973602556,0.989995998
Nottingham Meadows,2012,1,244900,244900,74,74,0.979991997,1
Nottingham Meadows,2013,1,264900,264900,210,210,0.98147462,1
Oak Forest Ests,2013,1,100000,100000,64,64,0.740740741,0.800640512
Oak Shadows,2011,1,229000,229000,175,175,0.916366547,0.916366547
Oak Shadows,2013,1,235625,235625,9,9,1.096440205,1.096440205
Oaknoll,2010,2,179450,179450,25.5,25.5,0.980822679,0.980822679
Oaknoll,2011,1,198500,198500,24,24,1,1
Oaknoll,2012,4,172000,170850,148,142.75,0.907756737,0.97346155
Oaknoll,2013,2,186150,186150,78,78,1.005607492,1.034836739
Oakwood Terrace,2011,1,86000,86000,40,40,0.827718961,0.956618465
Ocean Drive Manor,2013,1,169900,169900,84,84,1,1
Old Country Farms,2010,1,209000,209000,386,386,0.889361702,0.889361702
Old Country Farms,2011,1,220900,220900,212,212,1,1
Old Field Village,2010,1,219900,219900,141,141,0.656613915,1
Old Field Village,2011,2,271854.5,271854.5,223.5,223.5,1,1
Old Field Village,2012,3,242000,239860.6667,114,122.3333333,0.957854406,0.968387355
Old Mill Acres,2010,4,201950,214225,212,274,0.818957222,0.973364258
Old Mill Acres,2011,1,299900,299900,130,130,0.882318329,0.882318329
Old Mill Acres,2012,5,199900,232470,85,97.8,0.868878357,0.964424779
Old Mill Acres,2013,1,260000,260000,242,242,0.899653979,0.981132075
Olde Dover,2010,5,197000,216280,127,201.2,0.905747126,0.942840812
Olde Dover,2011,10,193000,209883.3,174.5,200.3,0.83642552,0.946205307
Olde Dover,2012,5,225000,240308,36,126.6,0.914285714,0.914285714
Olde Dover,2013,10,154250,158540,83.5,135,0.930015508,0.959183673
Olde Field Village,2013,4,229379.5,234814.75,179.5,207.25,1.003043376,1.003043376
Olde Oak,2010,2,117500,117500,302.5,302.5,0.904444444,0.92875
Olde Oak,2013,1,70000,70000,192,192,0.736842105,0.844390832
Orchard Acres,2012,1,65000,65000,49,49,0.764705882,0.868983957
Otter Run,2011,1,229000,229000,47,47,0.928064843,0.996085254
Otter Run,2012,3,250000,239966.6667,241,286,0.931010693,1
Otter Run,2013,1,220000,220000,148,148,0.956521739,0.956521739
Overlook,2010,1,210000,210000,31,31,0.913043478,0.913043478
Paradise Ridge,2010,2,247499.5,247499.5,204,204,0.898962116,0.968945394
Paris Villa,2010,2,79750,79750,922,922,0.805555556,1.000980392
Paris Villa,2011,2,86000,86000,46.5,46.5,0.812328984,0.901489401
Paris Villa,2012,2,66450,66450,104.5,104.5,0.747746841,0.91736227
Paris Woods,2010,1,225000,225000,22,22,0.969827586,0.969827586
Parkers Run,2010,7,229900,233485.7143,26,54,0.991735537,0.991735537
Parkers Run,2011,3,205900,214966.6667,288,252.3333333,0.94037615,0.961810467
Parkers Run,2012,8,224950,216424.875,316,339,0.950546352,1
Parkers Run,2013,4,231500,225250,63.5,89,0.925607741,0.98998013
Parkway Manor,2011,2,104635,104635,218,218,0.849665584,0.999144599
Parkway Manor,2012,2,97500,97500,144,144,0.777569284,0.855703392
Parkway Manor,2013,2,142450,142450,226.5,226.5,0.95620438,1
Patriot Village,2010,2,214800,214800,253.5,253.5,0.931065842,0.974189676
Patriot Village,2012,1,164000,164000,58,58,0.993939394,1
Patriot Village,2013,4,157500,157125,137,147.25,0.961115323,0.941125541
Pennwood,2010,6,431500,454500,289,352.6666667,0.898914813,0.924865758
Pennwood,2011,4,467500,451750,337,423,0.897551621,0.945665616
Pennwood,2012,3,438200,507733.3333,68,99.33333333,0.854271357,0.876573715
Pennwood,2013,4,370000,420625,206.5,262.75,0.896621631,0.959164547
Persimmon Park Pl,2010,5,99000,83400,136,290.6,0.875729775,0.937215651
Persimmon Park Pl,2011,6,71000,68000,95,127.8333333,0.79375,0.840178571
Persimmon Park Pl,2012,10,47550,48792.4,39.5,85.7,0.911538462,0.922373367
Persimmon Park Pl,2013,1,34000,34000,31,31,0.755555556,0.755555556
Pharsalia,2010,3,229000,224500,46,79,0.92526017,1.00050025
Pharsalia,2012,1,217000,217000,121,121,0.964873277,0.964873277
Pharsalia,2013,2,268450,268450,8,8,0.9870451,0.9870451
Pheasent Pt,2010,3,205500,190166.6667,75,94.33333333,0.913333333,0.941176471
Pheasent Pt,2011,2,196450,196450,217,217,0.840421624,0.972093023
Pheasent Pt,2013,1,157000,157000,192,192,0.924072984,0.981863665
Pickering Beach,2011,1,172000,172000,119,119,0.573342889,0.8
Pickering Beach,2013,1,138000,138000,28,28,0.985714286,0.985714286
Pickering Pointe,2010,3,232000,235600,106,121,1,1
Pickering Pointe,2012,8,228900,226837.5,118,103,1,1.005418925
Pickering Pointe,2013,8,241500,247625,39.5,80.125,0.994414246,0.994414246
Pickwick Acres,2011,1,230000,230000,81,81,0.851855007,0.884955752
Pickwick Acres,2012,2,63644.5,63644.5,17.5,17.5,0.77015233,0.799706292
Pickwick Acres,2013,2,95500,95500,21,21,0.954697525,0.954697525
Pine Grove Farms,2013,1,84600,84600,75,75,0.944249121,1.000059105
Pine Ridge,2013,3,110000,119666.6667,287,193,0.960640427,1
Pinehurst Village,2010,15,228020,235720.8667,1,50.53333333,1.031111249,1.048599333
Pinehurst Village,2011,14,230420.5,227507.9286,20,64.57142857,1.016809179,1.013636364
Pinehurst Village,2012,18,231000,234388.6111,49.5,104.1666667,1.006277845,1.016250539
Pinehurst Village,2013,8,234921.5,235500.5,19.5,48.25,1.015765853,1.015765853
Pineview Farms,2010,3,180000,208333.3333,33,89,0.93220339,0.971983991
Pineview Farms,2011,1,180000,180000,317,317,0.95795636,1.028571429
Pineview Farms,2012,1,235000,235000,183,183,0.951417004,0.951417004
Pintail Point,2010,3,299900,301266.6667,19,71.66666667,0.980961601,1
Pintail Point,2011,6,307999.5,301490.8333,92,153,1.019350198,1.00153093
Pintail Point,2012,2,265999.5,265999.5,4,4,0.861253717,0.861253717
Pintail Point,2013,2,309831,309831,88.5,88.5,0.988866942,0.988589793
Plantation Crossin,2010,3,230000,251200,175,177.6666667,0.87652439,0.978992998
Plantation Crossin,2011,3,275000,266666.6667,22,79.33333333,0.952380952,0.957854406
Plantation Crossin,2012,1,284000,284000,51,51,0.950150552,0.966315073
Plantation Crossin,2013,3,251352,250417.3333,78,125.6666667,0.947349947,0.97914006
Planters Run,2010,5,143000,145700,162,160.6,0.953333333,0.953333333
Planters Run,2011,2,155000,155000,122,122,0.910747913,0.939908367
Planters Run,2013,3,156000,157000,12,55.33333333,0.943952802,0.969355847
Planters Woods,2010,2,209750,209750,95.5,95.5,0.92939191,0.965332713
Planters Woods,2011,3,210000,206666.6667,78,64.66666667,0.948081264,0.968188105
Planters Woods,2012,2,205000,205000,106.5,106.5,0.946931118,0.96364201
Planters Woods,2013,6,212450,216966.6667,43.5,100.5,0.970354341,1
Pleasant Hill,2010,2,327500,327500,12.5,12.5,0.971976401,0.971976401
Pleasant Hill,2011,5,258000,274800,103,143.2,0.86,0.964788732
Pleasant Hill,2012,2,271625,271625,19.5,19.5,0.961324687,0.961324687
Pleasant Hill,2013,3,339000,297500,119,141,0.966666667,0.966666667
Pleasant Vly,2010,2,234950,234950,81,81,0.946808511,0.966666667
Pleasant Vly,2011,1,265000,265000,58,58,0.91537133,0.946766702
Pleasant Vly,2012,1,201000,201000,202,202,0.935318753,0.961722488
Pleasanton Acres,2010,1,260000,260000,20,20,0.963319748,0.963319748
Plymouth,2011,2,263500,263500,66.5,66.5,0.95015005,0.95015005
Point Landing,2010,1,319000,319000,44,44,0.997186621,0.997186621
Point Landing,2011,1,280000,280000,34,34,0.982800983,0.982800983
Point Landing,2012,1,300000,300000,44,44,0.909090909,0.952683392
Point Landing,2013,2,262500,262500,122.5,122.5,0.9,0.988888889
Ponds At Willow Grov,2010,2,447500,447500,130,130,1.007142857,1
Ponds At Willow Grov,2011,6,429950,405166.6667,153.5,202.3333333,0.958879751,0.988679245
Ponds At Willow Grov,2012,4,411050,410775,33.5,60.5,1,1
Ponds At Willow Grov,2013,4,339500,344750,273.5,269.25,0.93907581,0.958723534
Presidential Ct,2010,3,120000,137000,71,76.66666667,0.909090909,0.938232995
Presidential Ct,2011,1,122000,122000,250,250,0.645502646,0.993080993
Presidential Ct,2013,3,137500,129166.6667,93,102.6666667,0.955455132,0.982844889
Presidents Way,2010,1,189000,189000,30,30,0.997361478,0.997361478
Presidents Way,2012,1,168000,168000,102,102,0.93385214,0.96
Providence Crossing,2010,7,260850,278012.8571,85,101.5714286,1,1
Providence Crossing,2011,11,240000,253958.1818,68,182.6363636,0.965235174,0.966542751
Providence Crossing,2012,19,229880,239580.4737,127,159,1,1
Providence Crossing,2013,15,233000,234497.8,120,126.0666667,1,1
Providence Hills,2010,2,337613,337613,546,546,0.928673494,0.95
Providence Hills,2011,1,330000,330000,120,120,1.047619048,1.015384615
Providence Hills,2012,2,300000,300000,314.5,314.5,0.915617716,0.923076923
Quail Landing,2010,3,260000,271600,296,427.3333333,0.951597289,1
Quail Landing,2011,1,254900,254900,312,312,0.944423861,1
Quail Landing,2012,6,268500,264050,29,96.5,1,1
Quail Landing,2013,4,264900,260650,161,264,1,1
Quails Nest,2010,3,285000,294833.3333,122,126.6666667,0.863898151,0.950316772
Quails Nest,2011,4,290000,293750,154.5,202.25,0.939958592,0.992831541
Quails Nest,2012,2,273000,273000,12.5,12.5,0.942349367,0.942349367
Quails Nest,2013,2,213500,213500,177,177,0.961798942,1.006060606
Randalls Glen,2011,1,183500,183500,282,282,0.966298052,1
Ravenwood,2010,1,205000,205000,69,69,0.837076358,0.976190476
Ravenwood,2012,1,170000,170000,15,15,1.0625,1.0625
Resrv Chestnut Ridge,2011,1,227000,227000,147,147,1.008888889,1.008888889
Resrv Chestnut Ridge,2012,3,249900,249798,15,43.33333333,0.985846755,0.991977326
Resrv Chestnut Ridge,2013,1,325000,325000,55,55,0.970149254,0.970149254
Retreat,2010,4,307500,307250,413.5,468.25,0.898042118,0.933582533
Retreat,2011,2,206750,206750,3.5,3.5,0.969984202,0.969984202
Retreat,2012,4,190450,184100,229,203,0.896756549,0.964668232
Retreat,2013,5,203000,265500,49,166,0.882872278,0.964932925
Reynard Crossings,2013,2,198000,198000,100,100,0.932392027,0.96097561
Richardson Ests,2010,1,188500,188500,5,5,1.01344086,1.01344086
Richardson Ests,2012,1,178000,178000,76,76,0.962682531,0.989438577
Rising Sun,2013,1,140000,140000,7,7,1,1
Riverside,2010,9,290000,279600,103,112.7777778,0.923665245,1
Riverside,2011,4,256250,257225,60,112.25,0.914115646,0.954815012
Riverside,2012,1,220000,220000,119,119,1,1
Riverside,2013,2,252500,252500,90,90,0.900145507,1.024059076
Riverview Estates,2010,7,260000,272800,91,116,0.937851694,0.971754341
Riverview Estates,2011,6,221000,239833.3333,139,251,0.940033414,0.992307692
Riverview Estates,2012,6,226250,241083.3333,53,176.3333333,0.942440275,0.988637291
Riverview Estates,2013,3,267900,252641.6667,69,125.6666667,0.95185923,1
Robin Hill,2011,1,199500,199500,156,156,1,1
Robin Hill,2012,4,189450,195730,117.5,168,0.972911029,0.972911029
Robin Hill,2013,3,229145,235750.6667,126,208,1.02106087,1.008444249
Rockland Hills,2010,2,347450,347450,175.5,175.5,0.901927763,0.963768116
Rockland Hills,2011,3,341000,353500,35,45,0.97979798,0.97979798
Rockland Hills,2012,3,335000,347077.6667,12,38,1,1.016621333
Rockland Hills,2013,5,350000,363230,49,105.6,0.890125174,0.971420406
Rockland West,2010,1,230000,230000,192,192,0.852483321,0.963149079
Rockland West,2011,3,263000,255166.6667,42,60.66666667,0.97137746,0.97137746
Rockland West,2012,3,212000,229000,16,15.66666667,0.997647059,0.997647059
Rockland West,2013,1,250000,250000,28,28,0.961908426,0.961908426
Rodney Vil,2010,10,99000,103360,159,253.2,0.826763114,0.894773907
Rodney Vil,2011,1,126000,126000,296,296,1.016137227,1.016137227
Rodney Vil,2012,12,94950,89403.33333,99,108.5833333,0.905333333,1
Rodney Vil,2013,15,96500,99180,43,65.93333333,0.93877551,0.975813178
Roesville,2011,1,276000,276000,66,66,0.975265018,0.975265018
Roesville,2012,2,218700,218700,285.5,285.5,0.85588395,0.993996998
Roesville,2013,2,242500,242500,322,322,0.904975161,0.966007624
Rolling Meadows,2010,1,240000,240000,185,185,0.926640927,0.93385214
Rolling Meadows,2011,3,200000,206166.6667,31,57.33333333,1.00050025,1.00050025
Rolling Meadows,2012,3,195000,193333.3333,200,149,0.943888647,0.955882353
Rolling Meadows,2013,3,227500,231500,81,109,0.95,1.011111111
Rosewood,2010,2,194950,194950,79.5,79.5,1,1
Rosewood Farms,2013,3,169900,174933.3333,115,146.6666667,0.964448959,1
Royal Grant,2010,11,190000,185618.1818,155,162.6363636,0.915521628,0.984
Royal Grant,2011,6,187500,183666.6667,53.5,80.16666667,0.977630332,0.997630332
Royal Grant,2012,8,157500,152575,85,171.625,0.811608433,0.947636301
Royal Grant,2013,9,175000,161303.8889,38,79.11111111,0.969984992,0.977653631
Rsrv At Chestnut Rdg,2010,4,267500,274125,208,213.75,0.924401518,0.976623712
Rsrv At Chestnut Rdg,2012,1,340000,340000,194,194,0.947075209,1
Sabarto East,2013,1,187400,187400,29,29,1.041689828,1.041689828
Sandtown,2012,1,275000,275000,6,6,1,1
Sandtown,2013,1,90000,90000,4,4,1,1
Sandy Hill,2011,7,352110,335955.8571,231,180.4285714,1,1
Sandy Hill,2012,13,338521,318957.2308,252,243.4615385,1,1
Sandy Hill,2013,11,336252,341972,184,167.3636364,1,1
Satterfield,2010,3,217500,220166.6667,101,102.6666667,0.888803386,0.949781659
Satterfield,2011,4,238000,221225,68,65.25,0.952482519,0.995857581
Satterfield,2012,1,215560,215560,199,199,1.094768918,1.07833917
Satterfield,2013,4,208822.5,211161.25,181,172.75,0.987804878,1.003469893
Saw Mill Vil,2010,1,185900,185900,158,158,1,1
Saw Mill Vil,2012,2,130600,130600,297.5,297.5,0.808681607,0.900098894
Saw Mill Vil,2013,2,152500,152500,109.5,109.5,1.001919303,1.001919303
Scenic Acres,2013,2,190000,190000,59,59,0.930554654,0.97324625
School House Village,2010,1,210000,210000,28,28,0.976744186,0.976744186
School House Village,2011,1,150000,150000,97,97,0.75,0.968366688
School House Village,2012,2,183000,183000,30.5,30.5,0.946001624,0.965108798
Schoolview,2010,5,175000,161600,183,145.2,0.93206951,0.987654321
Schoolview,2011,2,164950,164950,57,57,0.924962481,1
Schoolview,2013,4,111000,113125,39,44,0.934961122,0.975365162
Seabrook Village,2010,1,150950,150950,38,38,0.962077757,0.962071625
Seabrook Village,2011,1,154000,154000,22,22,1.026666667,1.026666667
Seabrook Village,2012,3,123000,108333.3333,14,47.66666667,0.978571429,0.978571429
Seabrook Village,2013,1,145000,145000,22,22,1.16,1.16
Senators Lake,2013,3,192000,196833.3333,58,62,1.043478261,1.025862069
Seskinore,2010,1,319900,319900,1,1,0.969687784,0.969687784
Shady Lane,2010,2,209000,209000,247.5,247.5,0.90878905,0.952156573
Shady Lane,2012,2,187000,187000,51,51,0.994728839,0.960103706
Shady Lane,2013,2,182000,182000,9,9,0.988372093,0.988372093
Sheffield Farms,2010,1,189750,189750,12,12,0.949224612,0.949224612
Sheffield Farms,2011,3,189900,193566.6667,156,204.3333333,0.920682303,1
Sheffield Farms,2012,10,189500,178375,118,157.9,0.915897233,0.967419607
Sheffield Farms,2013,2,187250,187250,93,93,0.97315065,1.012916456
Sherwood,2010,5,185900,181520,65,164.8,0.927865038,0.94972067
Sherwood,2011,8,154750,155112.5,62.5,87.25,0.948986348,0.965601297
Sherwood,2012,12,142350,145191.6667,119.5,126.25,0.935856386,1
Sherwood,2013,13,159900,164473.0769,64,74.84615385,0.942857143,0.969355847
Silver Lake,2010,1,320000,320000,65,65,0.865098675,0.865098675
Silver Lake,2011,1,175000,175000,11,11,1,1
Silver Lake,2013,1,165000,165000,159,159,0.917176209,0.954308849
Smyrna Landing,2012,2,70500,70500,157,157,0.600080546,0.73402386
Smyrna Parkway Man,2010,3,145000,139666.6667,50,66.66666667,1,1
Smyrna Parkway Man,2011,4,85254.5,82652.25,47.5,73.75,0.907992241,0.957276368
Smyrna Parkway Man,2012,2,151500,151500,147.5,147.5,0.915672411,1.029325513
Smyrna Parkway Man,2013,3,132500,125333.3333,26,47,1,1
South Dover Manor,2010,1,190000,190000,77,77,0.808854832,1
South Dover Manor,2011,1,196000,196000,45,45,1,1
South Dover Manor,2012,4,151950,155450,146,126.25,0.917097272,0.995829858
South Dover Manor,2013,1,171000,171000,8,8,0.977142857,0.977142857
Southern Meadow,2010,1,155000,155000,147,147,0.974842767,0.974842767
Southern Meadow,2011,1,149900,149900,141,141,1,1
Southern Meadow,2013,1,164900,164900,169,169,1,1
Southern View,2010,5,309990,310624.8,97,86.6,1.008695652,1
Southern View,2011,3,250000,261800,105,88,1,1
Southern View,2012,2,262450,262450,15,15,1.000181884,1.000181884
Southern View,2013,3,313333,306075.6667,84,143.3333333,0.973386145,0.973684211
Southfield,2010,4,199900,200537.5,363,325,0.946993086,1
Southfield,2011,4,191950,194650,238.5,292.75,0.960230115,0.966913272
Southfield,2012,3,212400,210466.6667,264,272,1.011910434,1.011910434
Southfield,2013,2,213975,213975,280.5,280.5,1.007851135,0.996972007
Southglen,2012,1,134900,134900,20,20,1,1
Southglen,2013,1,138000,138000,30,30,0.985714286,0.985714286
Spring Hill,2011,1,75000,75000,252,252,0.500333556,0.625521268
Spring Meadow,2010,11,345619,330140.4545,114,155.7272727,1,1
Spring Meadow,2011,9,294106,312637.5556,298,353.2222222,1,1
Spring Meadow,2012,16,277000,270628.3125,190.5,176.6875,1,1
Spring Meadow,2013,19,249970,252852.3684,172,182.7368421,1,1
Spruance City,2010,2,94250,94250,120,120,0.828660951,0.975379631
Spruance City,2011,3,71000,101000,163,111.6666667,0.71,0.8875
Spruance City,2012,2,70250,70250,17,17,0.966666667,0.966666667
Spruance City,2013,3,115000,125033.3333,42,51,0.96993865,1.03030303
St Jones Commons,2010,7,220900,216057.1429,57,99.71428571,0.923432089,0.964240102
St Jones Commons,2011,4,215250,216375,62,69,0.965196078,0.983315344
St Jones Commons,2012,7,196547,212792.4286,150,220.1428571,0.963465686,0.980392157
St Jones Commons,2013,4,242500,237500,128,115.25,0.973919355,0.987861742
Stag Crossing,2010,1,169000,169000,104,104,0.926027397,0.98255814
Stag Crossing,2011,2,162350,162350,83.5,83.5,0.988045413,0.999664563
Stag Crossing,2013,3,159900,140766.3333,21,48,0.957,0.964436407
Star Hill,2011,1,45000,45000,102,102,0.764006791,0.873786408
Star Hill,2012,2,44150,44150,26,26,0.955696203,0.955696203
Star Hill,2013,1,60000,60000,38,38,1.090909091,1
Steeles Ridge,2010,1,327500,327500,20,20,0.995440729,0.995440729
Steeles Ridge,2011,1,236000,236000,22,22,0.983743226,0.983743226
Steeles Ridge,2012,3,238000,220485,27,56.66666667,0.997946612,0.997946612
Steeles Ridge,2013,4,245000,239975,100,200.75,0.893021147,0.977260612
Stonegate,2010,3,253000,247966.6667,265,289,0.933309933,0.966909091
Stonegate,2011,6,255609,261519.6667,79.5,93.16666667,0.948470076,0.962004244
Stonegate,2012,8,268500,262937.5,50,96.125,0.960966568,0.987246874
Stonegate,2013,7,247000,257571.4286,30,92.42857143,0.9625,0.980171248
Stoneridge,2010,1,302000,302000,42,42,0.915428918,0.915428918
Stoneridge,2011,3,294900,291600,53,73,0.951597289,1
Stoneridge,2012,1,300000,300000,83,83,0.811030008,0.952683392
Stoneridge,2013,6,323500,321983.3333,75,105,0.950547818,0.986352797
Stonewater Creek,2010,1,310000,310000,76,76,1.000322685,1.000322685
Stonewater Creek,2012,2,250250,250250,52,52,0.93980683,0.96380502
Stonewater Creek,2013,2,287500,287500,166,166,0.898211587,0.917998998
Stoney Creek,2010,5,109900,107780,303,273.4,0.740740741,0.9006004
Stoney Creek,2011,1,96900,96900,18,18,0.989785495,0.989785495
Stoney Creek,2012,10,77750,79010,88,281.8,0.862643728,0.948661231
Stoney Creek,2013,5,139900,121260,131,132.8,0.935596171,1
Stonington,2013,2,236750,236750,55.5,55.5,0.965541139,1.008985959
Summerfield Vil,2011,1,185000,185000,316,316,0.94920472,0.94920472
Summerfield Vil,2012,1,230000,230000,81,81,0.985010707,0.985010707
Sunnyside Acres,2010,1,180000,180000,99,99,0.93479785,0.972972973
Sunnyside Acres,2011,3,186000,171000,136,124,0.961722488,0.961722488
Sunnyside Acres,2012,1,176900,176900,108,108,1.041200706,1.041200706
Sunnyside Acres,2013,2,146240,146240,82.5,82.5,0.803503205,0.931378205
Sunnyside Village,2010,12,196950,172116.6667,62.5,112.6666667,0.960025382,0.997748874
Sunnyside Village,2011,8,141000,156937.5,116,130.875,0.903095353,0.961872587
Sunnyside Village,2012,10,106450,126230,70,144.4,0.914621397,0.968498168
Sunnyside Village,2013,19,175000,161676.3158,72,173.2631579,0.976491863,0.987493747
Tamarac,2010,2,236000,236000,258.5,258.5,0.881581539,0.98203729
Tamarac,2011,4,179950,181225,59,72,0.924557935,0.989949749
Tamarac,2012,8,195000,194582.125,44.5,66.625,0.991891892,0.998181818
Tamarac,2013,3,205000,213133.3333,33,87.66666667,1,1
Tara,2010,2,174400,174400,219,219,0.910433967,0.9672159
Taylor Est,2010,2,206250,206250,31,31,0.933523401,0.951417604
Taylor Est,2011,1,114000,114000,288,288,0.814285714,0.912
Taylor Est,2012,1,146400,146400,99,99,0.861176471,0.957488555
Tharpe Knoll,2012,1,105000,105000,10,10,0.91383812,0.91383812
Tharpe Knoll,2013,1,115000,115000,146,146,0.771812081,0.935720098
The Beeches,2011,2,222500,222500,297.5,297.5,0.838412911,0.919698171
The Beeches,2012,1,565000,565000,216,216,0.807142857,0.807142857
The Beeches,2013,1,214900,214900,345,345,0.955111111,1
The First Tenth Ests,2010,7,50000,122328.5714,343,247.2857143,0.178635227,0.847457627
The First Tenth Ests,2011,2,150950,150950,157,157,0.871542463,0.871542463
The Greens Of Dove,2010,6,103000,105833.3333,117,116,0.95995872,0.973080697
The Greens Of Dove,2011,6,89700,85569.33333,100.5,103.1666667,0.887301587,0.969473684
The Greens Of Dove,2012,12,51500,72808.33333,40.5,84.58333333,0.923987494,0.981582614
The Greens Of Dove,2013,8,82950,84900,77,100.75,0.912987159,0.955533597
The Hamlet,2010,7,95000,105714.2857,185,180.4285714,0.905624404,0.977675135
The Hamlet,2011,4,117450,108750.25,131.5,170.5,0.885381387,0.949936629
The Hamlet,2012,11,68250,75738.81818,47,158.3636364,0.779510022,0.949235049
The Hamlet,2013,9,58000,67322.11111,53,110.8888889,0.901803607,0.94
The Landings,2011,1,272000,272000,566,566,0.871794872,0.989090909
The Landings,2012,3,287000,284000,362,280,0.911400445,0.989996551
The Landings,2013,3,285000,293133.3333,139,134.3333333,1.053422371,0.996783417
The Mead,2010,1,265000,265000,152,152,0.929824561,0.985130112
The Mead,2011,1,227500,227500,1,1,0.948311797,0.948311797
The Mead,2012,1,225000,225000,368,368,0.957854406,0.982532751
The Meadows,2010,1,240000,240000,57,57,0.888888889,0.905660377
The Meadows,2011,2,182500,182500,47.5,47.5,0.8718506,0.918773306
The Meadows,2012,1,293000,293000,71,71,1,1
The Orchards,2010,5,275000,279000,154,132.8,0.964912281,0.985130112
The Orchards,2011,1,275000,275000,89,89,0.833585935,0.964912281
The Orchards,2012,5,250000,250111,69,72.4,0.909090909,0.949340145
The Orchards,2013,5,249900,274960,22,25.8,1,1
TheReserveatChestnut,2011,1,335000,335000,226,226,0.905650176,0.965417867
TheReserveatChestnut,2012,1,210000,210000,701,701,0.777777778,0.893617021
Tidbury Crossing,2010,3,181000,185000,100,89.33333333,0.973641743,1
Tidbury Crossing,2013,6,167750,170900,179.5,225.8333333,0.942934783,1
Tidbury Manor,2010,2,124000,124000,31,31,0.899593094,0.899593094
Tidbury Manor,2011,1,135000,135000,64,64,0.956632653,0.986121256
Tidbury Manor,2012,1,209000,209000,5,5,1,1
Timber Mills,2010,5,389335,386548,60,45.6,0.985471537,0.985471537
Timber Mills,2011,1,360000,360000,145,145,0.935064935,0.935064935
Timber Mills,2013,7,344500,352930.4286,62,154.8571429,0.999878156,0.996875
Towne And Country,2010,7,225000,208842.8571,48,82,0.926829268,0.978686385
Towne And Country,2011,5,217500,217900,46,47,0.953532722,1.000476417
Towne And Country,2012,8,208500,210537.5,71.5,99,0.937955904,1
Towne And Country,2013,4,221450,225475.25,21,31.25,1.006821282,1
Towne Point,2010,4,123250,116625,51.5,76,0.831951839,0.921899408
Towne Point,2011,9,103400,104366.6667,160,129.5555556,0.925925926,0.956521739
Towne Point,2012,5,115000,115780,115,113.8,0.958439355,0.958439355
Towne Point,2013,7,118500,99299.71429,16,76.85714286,0.9875,0.989761092
Townsend Fields,2010,4,342250,336125,266.5,262.25,0.908789169,0.958836236
Townsend Fields,2011,2,324950,324950,256,256,0.928571429,0.941306267
Townsend Fields,2013,2,321500,321500,40,40,0.951703842,0.993398639
Traybern,2010,1,159100,159100,88,88,0.860465116,0.997492163
Traybern,2011,1,220000,220000,44,44,0.936568753,0.936568753
Traybern,2012,3,186500,162200,36,57.33333333,0.89614102,0.945226131
Traybern,2013,3,193900,192933.3333,14,29.66666667,1.021063718,1
Triarchia Partners,2012,1,133000,133000,125,125,0.760869565,0.806549424
Turnberry,2010,2,192500,192500,10,10,0.983657541,0.983657541
Turnberry,2013,1,150000,150000,275,275,0.717703349,0.882352941
Twelve Oaks,2011,1,274900,274900,7,7,1.01852538,1.01852538
Twelve Oaks,2012,2,279250,279250,34.5,34.5,0.978094554,0.978094554
Twelve Oaks,2013,1,265000,265000,50,50,1,1
Twin Eagle Farms,2011,1,250000,250000,12,12,0.946969697,0.946969697
Twin Eagle Farms,2012,3,232500,183833.3333,50,88.33333333,0.888888889,0.93000372
Twin Willows,2010,3,240000,248300,232,226,0.93015093,0.991735537
Twin Willows,2011,6,195000,205081.6667,46.5,60,0.968006551,0.982470338
Twin Willows,2012,8,200700,203775,49,68.5,0.927373581,0.95853639
Twin Willows,2013,6,212198,207399.3333,77,119,0.981235905,0.98362238
Valley Run,2010,1,81000,81000,14,14,0.905027933,0.905027933
Victoria Meadows,2011,1,225000,225000,168,168,0.97826087,0.97826087
Victoria Meadows,2012,1,179900,179900,186,186,0.8995,1
Village Of Chestnu,2010,1,233000,233000,87,87,0.971238016,0.971238016
Village Of Chestnu,2011,1,149900,149900,118,118,0.832777778,1.006040268
Village Of Chestnu,2012,2,195725,195725,153,153,0.94332421,0.967882302
Village of Eastridge,2013,1,263000,263000,116,116,0.960906102,0.98317757
Village Of Garriso,2011,3,260000,238666.6667,278,331,0.875021876,0.936978993
Village Of Garriso,2012,3,220500,203966.6667,133,163.3333333,0.832703927,1
Village Of Westove,2010,15,165000,165753.2667,107,136.4666667,0.965957447,0.984094899
Village Of Westove,2011,9,128000,130288.8889,79,132.2222222,0.881801126,0.9941898
Village Of Westove,2012,12,113500,112266.6667,73,179.5,0.8570918,0.947730555
Village Of Westove,2013,26,109500,115942.2308,24.5,67.34615385,1,1
VillageAtWildQuail,2011,3,383000,462666.6667,185,158.6666667,0.942991856,0.945205479
VillageAtWildQuail,2012,3,380000,397333.3333,150,164,0.844444444,0.950237559
VillageAtWildQuail,2013,5,399000,359200,127,160.8,0.946268657,0.985185185
Villas At W Shore,2011,4,150250,154125,112,124.75,0.91054878,0.97
Villas At W Shore,2012,2,132503.5,132503.5,91,91,0.889168995,1.020670427
Villas At W Shore,2013,1,175000,175000,112,112,1.000571755,1.030017657
Villas of Spruance,2012,2,40000,40000,29.5,29.5,0.77143898,1.015117057
Viola,2010,1,143000,143000,174,174,0.810496784,0.894868586
Viola,2012,3,104900,124133.3333,50,84,0.890445223,0.994554951
Voshell Cove,2011,2,51250,51250,48,48,0.940671103,0.970273295
Voshell Cove,2012,1,123700,123700,12,12,0.9896,0.9896
Voshell Cove,2013,1,128000,128000,54,54,1,1
Warrington Manor,2011,1,128800,128800,123,123,0.954781319,0.991531948
Waters Edge,2011,4,161000,162250,145,138,0.912739923,0.97723271
Waters Edge,2012,9,180000,182199.2222,31,50.44444444,1,1
Waters Edge,2013,21,200065,206804.3333,19,47,1,1
Waterside,2011,1,384750,384750,120,120,0.894975576,0.962115529
Waterside,2012,2,252500,252500,193.5,193.5,0.918181818,0.918181818
WeatherstoneCrossing,2011,1,212500,212500,646,646,0.857830275,1
WeatherstoneCrossing,2012,2,184950,184950,42,42,0.973933649,0.973933649
WeatherstoneCrossing,2013,3,199000,197933.3333,55,38.33333333,1,1
Wedgewood,2011,1,132600,132600,140,140,0.716756757,1.020785219
Wedgewood,2013,1,135000,135000,92,92,0.906648758,0.941422594
Westfield,2010,4,212000,207350,49,52.75,0.956188188,0.977040548
Westfield,2012,1,180000,180000,161,161,0.818553888,0.87804878
Westfield,2013,3,180000,172333.3333,54,102.3333333,0.972972973,0.972972973
Weston Village,2011,1,203000,203000,118,118,0.882992605,0.967127203
Weston Village,2013,1,195000,195000,23,23,0.951683748,0.951683748
Westwind Meadows,2010,5,134500,132380,144,160.6,0.95255745,0.972122945
Westwind Meadows,2011,1,116900,116900,350,350,0.91328125,0.974979149
Westwind Meadows,2012,1,118000,118000,15,15,0.991596639,0.991596639
Westwind Meadows,2013,2,117500,117500,22.5,22.5,0.904541955,0.904541955
Wheatleys Pond,2010,3,162000,181666.6667,90,95,0.983263598,0.983263598
Wheatleys Pond,2011,2,127000,127000,518,518,0.931730743,0.996246872
Wheatleys Pond,2012,4,118950,143225,277,288.25,0.99187554,0.992076731
Wheatleys Pond,2013,5,148780,134136,33,39,1,1
Whiteoak,2010,1,42000,42000,155,155,0.56,0.717948718
Whiteoak,2012,1,138000,138000,298,298,0.836363636,0.890897353
Whiteoak Farms,2010,7,147900,140985.7143,93,119.4285714,0.967914439,1
Whiteoak Farms,2011,3,130000,131833.3333,93,139.6666667,0.928571429,1
Whiteoak Farms,2012,2,105862.5,105862.5,210.5,210.5,0.793121702,0.870996901
Whiteoak Farms,2013,7,128000,126643.7143,105,100.5714286,0.909090909,0.914939242
Whitetail Run,2010,21,210400,218245.2381,14,35.42857143,1,1
Whitetail Run,2011,15,227412,221892.9333,1,43.73333333,1,1
Whitetail Run,2012,10,219696,218696.6,7,49.7,1.002694414,1.009219393
Whitetail Run,2013,7,228000,220876.8571,32,108.1428571,1,1
Wicksfield,2010,12,274620,274026.75,77,128.75,1.023735818,1
Wicksfield,2011,10,255747.5,260947.5,210.5,224.6,0.977494258,0.996007792
Wicksfield,2012,8,249450,254992,7.5,14.125,1,1
Wicksfield,2013,15,250451,250711.4,29,42.2,0.998618866,0.998618866
Wild Meadows,2010,1,95000,95000,162,162,0.826086957,0.826086957
Wild Meadows,2011,1,117000,117000,247,247,0.867309118,0.867309118
Wild Meadows,2012,6,72500,74000,363,379.5,0.793773333,0.904815514
Wild Meadows,2013,3,72000,73166.66667,88,225,0.869336143,0.971731449
Wild Quail,2010,3,440000,481666.6667,34,24,1,1
Wild Quail,2011,3,373900,379633.3333,127,519.3333333,0.879971758,0.935909435
Wild Quail,2012,6,394500,430500,312.5,310.6666667,0.8040625,0.911204482
Wild Quail,2013,5,450000,462600,48,77.8,0.952380952,0.952380952
Willow Grove,2010,1,167500,167500,8,8,0.957142857,0.957142857
Willowwood,2010,7,259119,268245.5714,126,115.8571429,0.929919185,0.970695971
Willowwood,2011,4,242000,239722.5,122.5,105,0.941241018,0.999825174
Willowwood,2012,9,245000,247956.1111,323,276.3333333,0.979157982,0.997331279
Willowwood,2013,11,262100,263532.8182,150,161.2727273,0.994607955,0.996577947
Wind Song Farms,2010,4,284500,271725,172.5,199,0.950316772,0.964813559
Wind Song Farms,2011,1,335000,335000,31,31,0.930814115,0.957416405
Wind Song Farms,2012,4,269500,271625,150,151.5,0.935866774,0.964386197
Wind Song Farms,2013,3,309000,317833.3333,240,244,0.965926852,0.987535954
Winding Ridge,2010,1,200000,200000,9,9,1,1
Winding Ridge,2011,3,175000,164966.6667,213,163.3333333,1,1
Winding Ridge,2012,2,133450,133450,109,109,0.761452571,0.86677116
Winding Ridge,2013,1,235000,235000,63,63,1,1
Windswept,2010,1,285000,285000,373,373,0.863636364,1
Windswept,2011,2,416700,416700,20,20,0.96964674,0.96964674
Windswept,2012,2,430000,430000,226,226,0.901792997,0.924607288
Windy Way,2012,1,175000,175000,133,133,0.921537651,0.921537651
Wingate,2013,1,125000,125000,42,42,0.985027581,0.985027581
Winmill,2011,2,215000,215000,89,89,0.831031869,0.908185911
Winmill,2012,1,265000,265000,178,178,0.985130112,0.981845128
Wolf Creek,2010,1,454421,454421,51,51,1,1
Wolf Creek,2011,1,460000,460000,4,4,1,1
Wolf Creek,2012,1,470000,470000,637,637,0.94000188,0.94000188
Wolf Creek,2013,3,500000,597666.6667,79,82.33333333,0.854846982,0.952562393
Woodbrook,2010,1,232000,232000,480,480,0.760406424,0.928742994
Woodbrook,2011,4,197250,194875,187.5,277,0.881601308,0.939605466
Woodbrook,2012,1,97000,97000,41,41,0.93358999,0.980788675
Woodbrook,2013,2,213000,213000,104.5,104.5,0.937211329,0.957850538
Woodbury Acres,2010,1,185000,185000,128,128,0.925,0.973684211
Woodbury Acres,2011,1,126250,126250,139,139,0.809813983,0.987099296
Woodbury Acres,2012,2,79812.5,79812.5,41.5,41.5,0.741751023,0.760369286
Woodbury Acres,2013,1,150000,150000,47,47,0.967741935,0.967741935
Woodcrest,2010,2,135750,135750,106,106,0.797164918,0.982205392
Woodcrest,2011,4,156500,154500,76,72.5,0.928571429,0.986111111
Woodcrest,2012,2,117400,117400,9.5,9.5,1,1
Woodcrest,2013,8,143500,140151.25,61,128.625,0.973275408,1
Wooden Bridge,2013,2,190000,190000,22.5,22.5,0.963204054,0.963204054
Woodfield,2010,6,197829,200593,85,145.3333333,0.950932745,0.983620567
Woodfield,2011,11,174000,173063.6364,79,110.8181818,0.967127203,0.967127203
Woodfield,2012,10,155000,168980,30.5,95.3,0.971258059,0.976643684
Woodfield,2013,9,175500,168844.4444,88,126.3333333,0.945,0.975541968
Woodland Beach,2010,2,91875,91875,111.5,111.5,0.581102114,0.790058209
Woodland Beach,2011,2,180000,180000,450.5,450.5,0.782259217,0.813596491
Woodland Beach,2012,2,68750,68750,114.5,114.5,0.563006119,0.746596303
Woodland Beach,2013,1,35000,35000,315,315,0.35,0.443037975
Woodland Manor,2010,12,151500,147382.5,81.5,106.4166667,0.963384075,0.994350282
Woodland Manor,2011,16,117000,127986.3125,68,129.4375,0.942042017,0.996246872
Woodland Manor,2012,11,109900,115909.9091,118,142.0909091,0.900529723,1
Woodland Manor,2013,10,116000,115960,32,118.2,1.00952381,1.01
Woodlands of Foxhall,2010,2,194950,194950,181,181,0.905457132,0.977443496
Woodlands of Foxhall,2012,4,159000,160000,57,64.25,0.955932731,0.982248521
Woodlands of Foxhall,2013,1,159900,159900,53,53,0.914236707,0.941141848
Woodmill,2010,1,119900,119900,45,45,0.959967974,1
Woodmill,2011,4,128500,115225,69.5,69.75,0.878897936,0.996481626
Woodmill,2012,2,119750,119750,32.5,32.5,0.92154619,0.958662285
Woodmill,2013,5,149900,138380,75,148.8,0.938047559,0.967741935
Woods Haven,2010,1,190000,190000,203,203,0.867579909,1
Woods Haven,2012,2,177750,177750,49,49,0.888956353,0.947678571
Woods Haven,2013,3,189900,170966.6667,133,227.3333333,0.942857143,0.942857143
Woods Manor,2010,1,200000,200000,3,3,1.005025126,1.005025126
Woods Manor,2011,1,150000,150000,34,34,0.882352941,0.882352941
Woods Manor,2012,1,74299,74299,165,165,0.990653333,0.990653333
Woods Manor,2013,2,170000,170000,70.5,70.5,0.909787411,0.967060139
Woods Manor East,2010,1,222000,222000,28,28,0.965217391,0.965217391
Woods Manor East,2012,1,219500,219500,279,279,0.847490347,0.954347826
Woods Manor East,2013,1,259900,259900,13,13,1,1
Woods Of Carlisle,2010,3,178900,171300,94,90,0.904761905,0.989761092
Woods Of Carlisle,2011,1,185000,185000,18,18,1,1
Woods Of Carlisle,2012,2,137500,137500,109.5,109.5,0.958333333,0.971428571
Woods Of Carlisle,2013,3,145000,139741.6667,237,205,0.88,0.935483871
Woodside,2011,1,159900,159900,288,288,0.842022117,1
Woodside,2013,1,61500,61500,132,132,0.723529412,0.94761171
Worthington,2010,17,199900,197021.1176,155,249.7647059,0.975597853,1
Worthington,2011,17,182735,180993.5882,250,227.3529412,0.89438577,1
Worthington,2012,9,189072,184438,416,389.5555556,0.906514364,1
Worthington,2013,15,189000,187806,113,226.4666667,0.999473684,1
Wrens Way,2010,1,260000,260000,10,10,1.020007846,1.020007846
Wrens Way,2013,2,234500,234500,271.5,271.5,0.924469061,0.94795274
Wynn Wood,2010,5,192000,189200,213,153.4,0.888888889,0.96
Wynn Wood,2011,8,178750,176125,146,134.75,0.918917718,0.994646589
Wynn Wood,2012,5,163000,170520,259,281.8,0.953488372,0.961651917
Wynn Wood,2013,5,175000,183000,46,65.6,0.954979536,0.972762646
Wynsome Knoll,2011,9,190000,191672,40,40.66666667,1.027582477,1.027582477
Wynsome Knoll,2012,8,190874.5,189867.875,68.5,88.625,1.057063115,1.046610086
Wynsome Knoll,2013,5,186455,189305.6,156,330.6,0.981858873,1.035861111
Wyoming,2010,2,93500,93500,41,41,0.832653141,0.875136801
Wyoming,2011,2,88750,88750,108,108,0.857142857,0.857142857
Wyoming,2012,4,175734,244117,166.5,156.5,0.887812338,0.98975469
Wyoming,2013,2,122000,122000,62.5,62.5,0.866220736,0.92370892
Wyoming Mills,2010,2,145000,145000,186.5,186.5,0.892303992,0.920875421
Wyoming Mills,2011,1,187500,187500,136,136,1,1
Wyoming Mills,2013,1,168651,168651,42,42,1.000005929,1.000005929
